source_file,link,link_type,resolved_path,exists,note
index.php,"<?php echo htmlspecialchars($canonicalUrl, ENT_QUOTES,",internal_rel,"<?php echo htmlspecialchars($canonicalUrl, ENT_QUOTES,",no,
index.php,"<?php echo htmlspecialchars($alternateEnUrl, ENT_QUOTES,",internal_rel,"<?php echo htmlspecialchars($alternateEnUrl, ENT_QUOTES,",no,
index.php,"<?php echo htmlspecialchars($alternateFrUrl, ENT_QUOTES,",internal_rel,"<?php echo htmlspecialchars($alternateFrUrl, ENT_QUOTES,",no,
index.php,"<?php echo htmlspecialchars($alternateDeUrl, ENT_QUOTES,",internal_rel,"<?php echo htmlspecialchars($alternateDeUrl, ENT_QUOTES,",no,
index.php,"<?php echo htmlspecialchars($xDefaultUrl, ENT_QUOTES,",internal_rel,"<?php echo htmlspecialchars($xDefaultUrl, ENT_QUOTES,",no,
index.php,https://mydropintheoceans.org/favicon.ico,external,favicon.ico,n/a,
index.php,https://mydropintheoceans.org/images/favicon.ico,external,images/favicon.ico,n/a,
index.php,/images/connect-icons/apple-touch-icon.png,internal_root,images/connect-icons/apple-touch-icon.png,yes,
index.php,/css/mydropintheoceans-style.css?v=<?php echo time(); ?>,internal_root,css/mydropintheoceans-style.css?v=<?php echo time(); ?>,no,
index.php,https://ajax.googleapis.com/ajax/libs/jquery/3.7.0/jquery.min.js?v=<?php echo date(,external,ajax/libs/jquery/3.7.0/jquery.min.js,n/a,
contact/index.php,"<?php echo htmlspecialchars($canonicalUrl, ENT_QUOTES,",internal_rel,"contact/<?php echo htmlspecialchars($canonicalUrl, ENT_QUOTES,",no,
contact/index.php,favicon.ico,internal_rel,contact/favicon.ico,yes,
contact/index.php,/css/mydropintheoceans-style.css?v=<?php echo time(); ?>,internal_root,css/mydropintheoceans-style.css?v=<?php echo time(); ?>,no,
contact/index.php,https://ajax.googleapis.com/ajax/libs/jquery/3.7.0/jquery.min.js,external,ajax/libs/jquery/3.7.0/jquery.min.js,n/a,
css/access_profiles.php,login.php,internal_rel,css/login.php,no,
css/access_profiles.php,login.php,internal_rel,css/login.php,no,
css/access_profiles.php,/images/connect-icons/mydio-icon-57x57-admin.JPG,internal_root,images/connect-icons/mydio-icon-57x57-admin.JPG,yes,
css/access_profiles.php,/images/connect-icons/mydio-icon-72x72-admin.JPG,internal_root,images/connect-icons/mydio-icon-72x72-admin.JPG,yes,
css/access_profiles.php,/images/connect-icons/mydio-icon-114x114-precomposed.png,internal_root,images/connect-icons/mydio-icon-114x114-precomposed.png,yes,
css/access_profiles.php,/images/connect-icons/mydio-icon-144x144-precomposed.png,internal_root,images/connect-icons/mydio-icon-144x144-precomposed.png,yes,
css/access_profiles.php,../../../images/favicon.ico,internal_rel,../../images/favicon.ico,no,
css/access_profiles.php,../../css/twittermydiostyle.css,internal_rel,../css/twittermydiostyle.css,no,
css/access_profiles.php,../../css/mydiostyle.css,internal_rel,../css/mydiostyle.css,no,
css/access_profiles.php,../js/vendor/respond.min.js,internal_rel,js/vendor/respond.min.js,no,
css/access_profiles.php,https://connect.facebook.net/en_US/all.js,external,en_US/all.js,n/a,
css/access_profiles.php,https://www.google.com/chrome/,external,chrome/,n/a,
css/access_profiles.php,https://www.google.com/chrome/,external,chrome/,n/a,
css/access_profiles.php,../new_account.php,internal_rel,new_account.php,no,
css/access_profiles.php,../new_account.php,internal_rel,new_account.php,no,
css/access_profiles.php,about.php,internal_rel,css/about.php,no,
css/access_profiles.php,animation.php,internal_rel,css/animation.php,no,
css/access_profiles.php,credits.php,internal_rel,css/credits.php,no,
css/access_profiles.php,rewards.php,internal_rel,css/rewards.php,no,
css/access_profiles.php,userlist.php,internal_rel,css/userlist.php,no,
css/access_profiles.php,businesses.php,internal_rel,css/businesses.php,no,
css/access_profiles.php,../new_account.php,internal_rel,new_account.php,no,
css/access_profiles.php,../../../checkoutofsite.php,internal_rel,../../checkoutofsite.php,no,
css/access_profiles.php,../account.php,internal_rel,account.php,no,
css/access_profiles.php,admin_choice.php,internal_rel,css/admin_choice.php,no,
css/access_profiles.php,https://ajax.googleapis.com/ajax/libs/jquery/1.3.2/jquery.min.js,external,ajax/libs/jquery/1.3.2/jquery.min.js,n/a,
css/access_profiles.php,admin_choice.php,internal_rel,css/admin_choice.php,no,
css/access_profiles.php,/js/all-225.js,internal_root,js/all-225.js,yes,
css/addsecuritybusi.php,../../images/favicon.ico,internal_rel,../images/favicon.ico,no,
css/addsecuritybusi.php,/css/twittermydiostyle.css,internal_root,css/twittermydiostyle.css,yes,
css/addsecuritybusi.php,../js/vendor/respond.min.js,internal_rel,js/vendor/respond.min.js,no,
css/addsecuritybusi.php,http://connect.facebook.net/en_US/all.js,external,en_US/all.js,n/a,
css/addsecuritybusi.php,https://www.google.com/chrome/,external,chrome/,n/a,
css/addsecuritybusi.php,https://www.google.com/chrome/,external,chrome/,n/a,
css/addsecuritybusi.php,../../login/loggedin/new_account.php,internal_rel,../login/loggedin/new_account.php,no,
css/addsecuritybusi.php,#,internal_rel,css/#,no,
css/addsecuritybusi.php,animation.php,internal_rel,css/animation.php,no,
css/addsecuritybusi.php,animation.php,internal_rel,css/animation.php,no,
css/addsecuritybusi.php,/index.php,internal_root,index.php,yes,
css/addsecuritybusi.php,bus_login.php,internal_rel,css/bus_login.php,no,
css/addsecuritybusi.php,#,internal_rel,css/#,no,
css/addsecuritybusi.php,../../login/loggedin/new_account.php,internal_rel,../login/loggedin/new_account.php,no,
css/addsecuritybusi.php,#,internal_rel,css/#,no,
css/addsecuritybusi.php,/js/all-225.js,internal_root,js/all-225.js,yes,
css/style-1.7.10.css,/assets/gfx/social-publish-promo.jpg,internal_root,assets/gfx/social-publish-promo.jpg,no,
css/template.php,https://www.google.com/chrome/,external,chrome/,n/a,
css/template.php,https://www.google.com/chrome/,external,chrome/,n/a,
css/twittermydiostyle.css,#groupdropdown,internal_rel,css/#groupdropdown,no,
css/twittermydiostyle.css,/wordpress-4.0/wordpress/?page_id=16,internal_root,wordpress-4.0/wordpress/?page_id=16,no,
css/twittermydiostyle.css,/wordpress-4.0/wordpress/?page_id=16,internal_root,wordpress-4.0/wordpress/?page_id=16,no,
css/twittermydiostyle.css,/images/background/ocean.jpg,internal_root,images/background/ocean.jpg,yes,
css/twittermydiostyle.css,/images/background/ocean.png,internal_root,images/background/ocean.png,yes,
css/twittermydiostyle.css,/images/background/jump.png,internal_root,images/background/jump.png,no,
css/twittermydiostyle.css,/images/background/jump.png,internal_root,images/background/jump.png,no,
css/twittermydiostyle.css,/images/background/trash.png,internal_root,images/background/trash.png,yes,
css/twittermydiostyle.css,/images/background/trash.png,internal_root,images/background/trash.png,yes,
css/twittermydiostyle.css,/images/background/businesses.jpg,internal_root,images/background/businesses.jpg,no,
css/twittermydiostyle.css,/images/background/businesses.jpg,internal_root,images/background/businesses.jpg,no,
css/twittermydiostyle.css,/images/background/bdropaccounts.png,internal_root,images/background/bdropaccounts.png,no,
css/twittermydiostyle.css,/images/background/bdropaccounts.png,internal_root,images/background/bdropaccounts.png,no,
css/twittermydiostyle.css,/images/background/bdropstart.png,internal_root,images/background/bdropstart.png,no,
css/twittermydiostyle.css,/images/background/bdropstart.png,internal_root,images/background/bdropstart.png,no,
css/twittermydiostyle.css,../images/background/bdroplogin.jpg,internal_rel,images/background/bdroplogin.jpg,no,
css/twittermydiostyle.css,/images/background/bdroplogin.jpg,internal_root,images/background/bdroplogin.jpg,no,
css/twittermydiostyle.css,../images/background/bdroplogin.jpg,internal_rel,images/background/bdroplogin.jpg,no,
css/twittermydiostyle.css,/images/background/bdroplogin.jpg,internal_root,images/background/bdroplogin.jpg,no,
css/twittermydiostyle.css,/images/background/iceberg.jpg,internal_root,images/background/iceberg.jpg,no,
css/twittermydiostyle.css,/images/background/iceberg.jpg,internal_root,images/background/iceberg.jpg,no,
css/twittermydiostyle.css,/images/background/iceberg.jpg,internal_root,images/background/iceberg.jpg,no,
css/twittermydiostyle.css,/images/background/iceberg.jpg,internal_root,images/background/iceberg.jpg,no,
css/twittermydiostyle.css,../images/background/animatedglobe.gif,internal_rel,images/background/animatedglobe.gif,no,
css/twittermydiostyle.css,../images/background/animatedglobe.gif,internal_rel,images/background/animatedglobe.gif,no,
css/spendbusinessprofile.php,https://ajax.googleapis.com/ajax/libs/jquery/1.9.0/jquery.min.js,external,ajax/libs/jquery/1.9.0/jquery.min.js,n/a,
css/spendbusinessprofile.php,https://maps.googleapis.com/maps/api/js?key=AIzaSyCn6C041sdi9PdqPRo_dpCcYwC7h-5QwBU&v=3.11&sensor=false,external,maps/api/js,n/a,
css/spendbusinessprofile.php,spendbusinessprofile.php?company_id=,internal_rel,css/spendbusinessprofile.php?company_id=,no,
css/spendbusinessprofile.php,../../login/loggedin/aboutmydio/spendbusinessprofile.php?company_id=,internal_rel,../login/loggedin/aboutmydio/spendbusinessprofile.php?company_id=,no,
css/spendbusinessprofile.php,../../../images/favicon.ico,internal_rel,../../images/favicon.ico,no,
css/spendbusinessprofile.php,/css/twittermydiostyle.css,internal_root,css/twittermydiostyle.css,yes,
css/spendbusinessprofile.php,/css/mydiostyle.css,internal_root,css/mydiostyle.css,yes,
css/spendbusinessprofile.php,../js/vendor/respond.min.js,internal_rel,js/vendor/respond.min.js,no,
css/spendbusinessprofile.php,https://connect.facebook.net/en_US/all.js,external,en_US/all.js,n/a,
css/spendbusinessprofile.php,https://www.google.com/chrome/,external,chrome/,n/a,
css/spendbusinessprofile.php,https://www.google.com/chrome/,external,chrome/,n/a,
css/spendbusinessprofile.php,loggedin/account.php,internal_rel,css/loggedin/account.php,no,
css/spendbusinessprofile.php,account.php,internal_rel,css/account.php,no,
css/spendbusinessprofile.php,/about.php,internal_root,about.php,no,
css/spendbusinessprofile.php,create_a_quiz.php,internal_rel,css/create_a_quiz.php,no,
css/spendbusinessprofile.php,../admin_choice.php,internal_rel,admin_choice.php,no,
css/spendbusinessprofile.php,/index.php,internal_root,index.php,yes,
css/spendbusinessprofile.php,/login/index.php?redirect=<? echo urlencode($redirect); ?>,internal_root,login/index.php?redirect=<? echo urlencode($redirect); ?>,no,
css/spendbusinessprofile.php,/signup/index.php?redirect=<? echo urlencode($redirect); ?>,internal_root,signup/index.php?redirect=<? echo urlencode($redirect); ?>,no,
css/spendbusinessprofile.php,/images/icon_MyDIO.png,internal_root,images/icon_MyDIO.png,yes,
css/spendbusinessprofile.php,/images/icon_MyDIO.png,internal_root,images/icon_MyDIO.png,yes,
css/spendbusinessprofile.php,/community/action.php?redirect=,internal_root,community/action.php?redirect=,no,
css/spendbusinessprofile.php,/community/action.php?id=,internal_root,community/action.php?id=,no,
css/spendbusinessprofile.php,action.php?id=,internal_rel,css/action.php?id=,no,
css/spendbusinessprofile.php,/community/action.php?redirect=,internal_root,community/action.php?redirect=,no,
css/spendbusinessprofile.php,/login/index.php?redirect=<? echo urlencode($redirect); ?>,internal_root,login/index.php?redirect=<? echo urlencode($redirect); ?>,no,
css/spendbusinessprofile.php,/signup/index.php?redirect=<? echo urlencode($redirect); ?>,internal_root,signup/index.php?redirect=<? echo urlencode($redirect); ?>,no,
css/spendbusinessprofile.php,../#,internal_rel,#,no,
css/spendbusinessprofile.php,../../../js/all-225.js,internal_rel,../../js/all-225.js,no,
images/profile.php,https://www.google.com/chrome/,external,chrome/,n/a,
images/profile.php,https://www.google.com/chrome/,external,chrome/,n/a,
images/profile.php,/images/connect-icons/camera_white.png,internal_root,images/connect-icons/camera_white.png,no,
images/profile.php,../images/connect-icons/camera_white.png,internal_rel,images/connect-icons/camera_white.png,no,
images/profile.php,../../images/connect-icons/camera_white.png,internal_rel,../images/connect-icons/camera_white.png,no,
images/index.php,/images/connect-icons/mydio-icon-57x57-precomposed-green.png,internal_root,images/connect-icons/mydio-icon-57x57-precomposed-green.png,yes,
images/index.php,/images/connect-icons/mydio-icon-72x72-precomposed-green.png,internal_root,images/connect-icons/mydio-icon-72x72-precomposed-green.png,yes,
images/index.php,/images/connect-icons/mydio-icon-114x114-precomposed-green.png,internal_root,images/connect-icons/mydio-icon-114x114-precomposed-green.png,yes,
images/index.php,/images/connect-icons/mydio-icon-144x144-precomposed-green.png,internal_root,images/connect-icons/mydio-icon-144x144-precomposed-green.png,yes,
images/index.php,../images/favicon.ico,internal_rel,images/favicon.ico,yes,
images/index.php,/css/twittermydiostyle.css,internal_root,css/twittermydiostyle.css,yes,
images/index.php,/css/mydiostyle.css,internal_root,css/mydiostyle.css,yes,
images/index.php,https://www.google.com/chrome/,external,chrome/,n/a,
images/index.php,https://www.google.com/chrome/,external,chrome/,n/a,
images/index.php,#,internal_rel,images/#,no,
images/index.php,../about.php,internal_rel,about.php,no,
images/index.php,create_a_quiz.php,internal_rel,images/create_a_quiz.php,no,
images/index.php,../admin_choice.php,internal_rel,admin_choice.php,no,
images/index.php,/index.php,internal_root,index.php,yes,
images/index.php,/login/index.php?redirect=<? echo urlencode($server); ?>,internal_root,login/index.php?redirect=<? echo urlencode($server); ?>,no,
images/index.php,/index.php,internal_root,index.php,yes,
images/index.php,https://ajax.googleapis.com/ajax/libs/jquery/1.3.2/jquery.min.js,external,ajax/libs/jquery/1.3.2/jquery.min.js,n/a,
images/index.php,../../login/index.php,internal_rel,../login/index.php,no,
images/index.php,../../signup/,internal_rel,../signup,no,
images/index.php,profile.php?id=,internal_rel,images/profile.php?id=,no,
images/index.php,/js/all-225.js,internal_root,js/all-225.js,yes,
images/inventory_edit.php,inventory_edit.php?pid=$id,internal_rel,images/inventory_edit.php?pid=$id,no,
images/inventory_edit.php,inventory_list.php?deleteid=$id,internal_rel,images/inventory_list.php?deleteid=$id,no,
images/inventory_edit.php,../inventory_images/,internal_rel,inventory_images,no,
images/inventory_edit.php,../inventory_images/empty_img.jpg,internal_rel,inventory_images/empty_img.jpg,no,
images/inventory_edit.php,/images/favicon.ico,internal_root,images/favicon.ico,yes,
images/inventory_edit.php,/css/twittermydiostyle.css,internal_root,css/twittermydiostyle.css,yes,
images/inventory_edit.php,/css/mydiostyle.css,internal_root,css/mydiostyle.css,yes,
images/inventory_edit.php,../style/style.css,internal_rel,style/style.css,no,
images/inventory_edit.php,/js/all-225.js,internal_root,js/all-225.js,yes,
images/inventory_edit.php,https://code.jquery.com/jquery-1.10.2.js,external,jquery-1.10.2.js,n/a,
images/inventory_edit.php,inventory_list.php#inventoryForm,internal_rel,images/inventory_list.php#inventoryForm,no,
images/inventory_edit.php,/images/connect-icons/camera_white.png,internal_root,images/connect-icons/camera_white.png,no,
images/inventory_edit.php,javascript:printImage($qc);,internal_rel,images/javascript:printImage($qc);,no,
images/inventory_edit.php,https://chart.googleapis.com/chart?chs=300x300&cht=qr&chl=https://mydropintheoceans.org/MyDIOnlineStore/product_qr.php?id=$id-:-$cmpyid,external,chart,n/a,
images/inventory_edit.php,product_list.php,internal_rel,images/product_list.php,no,
images/ecomm_cart.php,/js/all-225.js,internal_root,js/all-225.js,yes,
images/ecomm_cart.php,https://code.jquery.com/jquery-1.4.2.min.js,external,jquery-1.4.2.min.js,n/a,
images/ecomm_cart.php,https://ajax.microsoft.com/ajax/jquery.validate/1.7/jquery.validate.min.js,external,ajax/jquery.validate/1.7/jquery.validate.min.js,n/a,
images/ecomm_cart.php,/images/favicon.ico,internal_root,images/favicon.ico,yes,
images/ecomm_cart.php,/css/twittermydiostyle.css,internal_root,css/twittermydiostyle.css,yes,
images/ecomm_cart.php,/css/mydiostyle.css,internal_root,css/mydiostyle.css,yes,
images/ecomm_cart.php,/login/loggedin/account.php,internal_root,login/loggedin/account.php,no,
images/ecomm_cart.php,/login/loggedin/account.php,internal_root,login/loggedin/account.php,no,
images/ecomm_cart.php,/about.php,internal_root,about.php,no,
images/ecomm_cart.php,/login/loggedin/aboutmydio/animation.php,internal_root,login/loggedin/aboutmydio/animation.php,no,
images/ecomm_cart.php,create_a_quiz.php,internal_rel,images/create_a_quiz.php,no,
images/ecomm_cart.php,../admin_choice.php,internal_rel,admin_choice.php,no,
images/ecomm_cart.php,/index.php,internal_root,index.php,yes,
images/ecomm_cart.php,/login/index.php?redirect=<? echo urlencode($server); ?>,internal_root,login/index.php?redirect=<? echo urlencode($server); ?>,no,
images/ecomm_cart.php,/index.php,internal_root,index.php,yes,
images/ecomm_cart.php,https://code.jquery.com/ui/1.8.21/jquery-ui.min.js,external,ui/1.8.21/jquery-ui.min.js,n/a,
images/ecomm_cart.php,/js/jquery.ui.touch-punch.min.js,internal_root,js/jquery.ui.touch-punch.min.js,yes,
images/all-225.js,/a,internal_root,a,no,
images/all-225.js,#,internal_rel,images/#,no,
images/all-225.js,#,internal_rel,images/#,no,
images/all-225.js,https://connect.facebook.net/en_US/all.js,external,en_US/all.js,n/a,
images/all-225.js,http://help.bloglovin.com,external,,n/a,
images/all-225.js,http://help.bloglovin.com,external,,n/a,
images/all-225.js,/blog/,internal_root,blog/,yes,
images/all-225.js,/blog/,internal_root,blog/,yes,
images/all-225.js,/blog/,internal_root,blog/,yes,
images/all-225.js,/search/,internal_root,search/,no,
images/all-225.js,/search/,internal_root,search/,no,
images/all-225.js,http://pinterest.com/pin/create/button/,external,pin/create/button/,n/a,
images/all-225.js,https://twitter.com/share?via=bloglovin,external,share,n/a,
images/all-225.js,#,internal_rel,images/#,no,
images/style-1.7.10.js,#,internal_rel,images/#,no,
images/style-1.7.10.js,/a,internal_root,a,no,
images/style-1.7.10.js,/blog/,internal_root,blog/,yes,
images/style-1.7.10.js,/blog/,internal_root,blog/,yes,
images/style-1.7.10.js,/search/,internal_root,search/,no,
images/style-1.7.10.js,https://connect.facebook.net/en_US/all.js,external,en_US/all.js,n/a,
images/style-1.7.10.js,javascript:0,internal_rel,images/javascript:0,no,
images/style-1.7.10.js,javascript:0,internal_rel,images/javascript:0,no,
images/style-1.7.10.js,/blog/,internal_root,blog/,yes,
images/style-1.7.10.js,#,internal_rel,images/#,no,
images/style-1.7.10.js,#,internal_rel,images/#,no,
images/style-1.7.10.js,#,internal_rel,images/#,no,
images/style-1.7.10.js,/feed,internal_root,feed,no,
images/style-1.7.10.js,#,internal_rel,images/#,no,
images/style-1.7.10.js,#,internal_rel,images/#,no,
images/style-1.7.10.js,#,internal_rel,images/#,no,
images/style-1.7.10.js,/blogs,internal_root,blogs,no,
images/style-1.7.10.js,/friends,internal_root,friends,no,
images/style-1.7.10.js,#,internal_rel,images/#,no,
images/style-1.7.10.js,#,internal_rel,images/#,no,
images/style-1.7.10.js,/,internal_root,,yes,
images/style-1.7.10.js,/blogs,internal_root,blogs,no,
images/style-1.7.10.js,/tos,internal_root,tos,no,
images/style-1.7.10.js,#,internal_rel,images/#,no,
images/style-1.7.10.js,#,internal_rel,images/#,no,
images/style-1.7.10.js,#,internal_rel,images/#,no,
images/style-1.7.10.js,#,internal_rel,images/#,no,
images/style-1.7.10.js,#,internal_rel,images/#,no,
images/style-1.7.10.js,#,internal_rel,images/#,no,
images/style-1.7.10.js,#,internal_rel,images/#,no,
images/style-1.7.10.js,#,internal_rel,images/#,no,
images/style-1.7.10.js,#,internal_rel,images/#,no,
images/style-1.7.10.js,#,internal_rel,images/#,no,
images/style-1.7.10.js,#,internal_rel,images/#,no,
images/style-1.7.10.js,#,internal_rel,images/#,no,
images/style-1.7.10.js,/blogs,internal_root,blogs,no,
images/style-1.7.10.js,/feed/friends,internal_root,feed/friends,no,
images/style-1.7.10.js,http://help.mydropintheoceans.com,external,,n/a,
images/style-1.7.10.js,#,internal_rel,images/#,no,
images/style-1.7.10.js,#,internal_rel,images/#,no,
images/style-1.7.10.js,#,internal_rel,images/#,no,
images/style-1.7.10.js,#,internal_rel,images/#,no,
images/inventory_list.php,inventory_list.php?yesdelete=,internal_rel,images/inventory_list.php?yesdelete=,no,
images/inventory_list.php,inventory_list.php,internal_rel,images/inventory_list.php,yes,
images/inventory_list.php,inventory_list.php,internal_rel,images/inventory_list.php,yes,
images/inventory_list.php,../inventory_images/,internal_rel,inventory_images,no,
images/inventory_list.php,../inventory_images/empty_img.jpg,internal_rel,inventory_images/empty_img.jpg,no,
images/inventory_list.php,javascript:printImage($qc);,internal_rel,images/javascript:printImage($qc);,no,
images/inventory_list.php,https://chart.googleapis.com/chart?chs=300x300&cht=qr&chl=https://mydropintheoceans.org/MyDIOnlineStore/product_qr.php?id=$id-:-$cmpyid,external,chart,n/a,
images/inventory_list.php,inventory_edit.php?pid=$id,internal_rel,images/inventory_edit.php?pid=$id,no,
images/inventory_list.php,inventory_list.php?deleteid=$id,internal_rel,images/inventory_list.php?deleteid=$id,no,
images/inventory_list.php,/images/favicon.ico,internal_root,images/favicon.ico,yes,
images/inventory_list.php,/css/twittermydiostyle.css,internal_root,css/twittermydiostyle.css,yes,
images/inventory_list.php,/css/mydiostyle.css,internal_root,css/mydiostyle.css,yes,
images/inventory_list.php,../style/style.css,internal_rel,style/style.css,no,
images/inventory_list.php,/js/all-225.js,internal_root,js/all-225.js,yes,
images/inventory_list.php,inventory_list.php#inventoryForm,internal_rel,images/inventory_list.php#inventoryForm,no,
images/inventory_list.php,https://code.jquery.com/jquery-1.10.2.js,external,jquery-1.10.2.js,n/a,
images/spendbusinessprofile.php,../../../js/latest/jquery.min.js,internal_rel,../../js/latest/jquery.min.js,no,
images/spendbusinessprofile.php,https://maps.googleapis.com/maps/api/js?key=AIzaSyCn6C041sdi9PdqPRo_dpCcYwC7h-5QwBU&v=3.11&sensor=false,external,maps/api/js,n/a,
images/spendbusinessprofile.php,spendbusinessprofile.php?company_id=,internal_rel,images/spendbusinessprofile.php?company_id=,no,
images/spendbusinessprofile.php,../../login/loggedin/aboutmydio/spendbusinessprofile.php?company_id=,internal_rel,../login/loggedin/aboutmydio/spendbusinessprofile.php?company_id=,no,
images/spendbusinessprofile.php,../../../images/favicon.ico,internal_rel,../../images/favicon.ico,no,
images/spendbusinessprofile.php,/css/twittermydiostyle.css,internal_root,css/twittermydiostyle.css,yes,
images/spendbusinessprofile.php,/css/mydiostyle.css,internal_root,css/mydiostyle.css,yes,
images/spendbusinessprofile.php,../js/vendor/respond.min.js,internal_rel,js/vendor/respond.min.js,no,
images/spendbusinessprofile.php,https://www.google.com/chrome/,external,chrome/,n/a,
images/spendbusinessprofile.php,https://www.google.com/chrome/,external,chrome/,n/a,
images/spendbusinessprofile.php,/login/loggedin/account.php,internal_root,login/loggedin/account.php,no,
images/spendbusinessprofile.php,/login/loggedin/account.php,internal_root,login/loggedin/account.php,no,
images/spendbusinessprofile.php,/about.php,internal_root,about.php,no,
images/spendbusinessprofile.php,/login/loggedin/aboutmydio/animation.php,internal_root,login/loggedin/aboutmydio/animation.php,no,
images/spendbusinessprofile.php,create_a_quiz.php,internal_rel,images/create_a_quiz.php,no,
images/spendbusinessprofile.php,../admin_choice.php,internal_rel,admin_choice.php,no,
images/spendbusinessprofile.php,/index.php,internal_root,index.php,yes,
images/spendbusinessprofile.php,/login/index.php?redirect=<? echo urlencode($server); ?>,internal_root,login/index.php?redirect=<? echo urlencode($server); ?>,no,
images/spendbusinessprofile.php,/index.php,internal_root,index.php,yes,
images/spendbusinessprofile.php,/images/icon_MyDIO.png,internal_root,images/icon_MyDIO.png,yes,
images/spendbusinessprofile.php,/images/icon_MyDIO.png,internal_root,images/icon_MyDIO.png,yes,
images/spendbusinessprofile.php,/community/action.php?redirect=,internal_root,community/action.php?redirect=,no,
images/spendbusinessprofile.php,/community/action.php?id=,internal_root,community/action.php?id=,no,
images/spendbusinessprofile.php,action.php?id=,internal_rel,images/action.php?id=,no,
images/spendbusinessprofile.php,/community/action.php?redirect=,internal_root,community/action.php?redirect=,no,
images/spendbusinessprofile.php,/login/index.php?redirect=<? echo urlencode($redirect); ?>,internal_root,login/index.php?redirect=<? echo urlencode($redirect); ?>,no,
images/spendbusinessprofile.php,/signup/index.php?redirect=<? echo urlencode($redirect); ?>,internal_root,signup/index.php?redirect=<? echo urlencode($redirect); ?>,no,
images/spendbusinessprofile.php,../#,internal_rel,#,no,
images/spendbusinessprofile.php,../../../js/all-225.js,internal_rel,../../js/all-225.js,no,
images/connect-icons/newbusinessback.php,../images/favicon.ico,internal_rel,images/images/favicon.ico,no,
images/connect-icons/newbusinessback.php,/css/twittermydiostyle.css,internal_root,css/twittermydiostyle.css,yes,
images/connect-icons/newbusinessback.php,/css/mydiostyle.css,internal_root,css/mydiostyle.css,yes,
images/connect-icons/newbusinessback.php,../js/vendor/respond.min.js,internal_rel,images/js/vendor/respond.min.js,no,
images/connect-icons/newbusinessback.php,https://connect.facebook.net/en_US/all.js,external,en_US/all.js,n/a,
images/connect-icons/newbusinessback.php,https://www.google.com/chrome/,external,chrome/,n/a,
images/connect-icons/newbusinessback.php,https://www.google.com/chrome/,external,chrome/,n/a,
images/connect-icons/newbusinessback.php,../login/loggedin/new_account.php,internal_rel,images/login/loggedin/new_account.php,no,
images/connect-icons/newbusinessback.php,#,internal_rel,images/connect-icons/#,no,
images/connect-icons/newbusinessback.php,../js/all-225.js,internal_rel,images/js/all-225.js,no,
images/connect-icons/profile.php,https://www.google.com/chrome/,external,chrome/,n/a,
images/connect-icons/profile.php,https://www.google.com/chrome/,external,chrome/,n/a,
images/connect-icons/profile.php,/images/connect-icons/camera_white.png,internal_root,images/connect-icons/camera_white.png,no,
images/connect-icons/profile.php,../images/connect-icons/camera_white.png,internal_rel,images/images/connect-icons/camera_white.png,no,
images/connect-icons/profile.php,../../images/connect-icons/camera_white.png,internal_rel,images/connect-icons/camera_white.png,no,
images/connect-icons/index.php,https://www.google.com/chrome/,external,chrome/,n/a,
images/connect-icons/index.php,https://www.google.com/chrome/,external,chrome/,n/a,
images/connect-icons/index.php,https://ajax.googleapis.com/ajax/libs/jquery/1.3.2/jquery.min.js,external,ajax/libs/jquery/1.3.2/jquery.min.js,n/a,
images/connect-icons/index.php,../../login/index.php,internal_rel,login/index.php,no,
images/connect-icons/index.php,../../signup/,internal_rel,signup,no,
js/about_bus.php,images/favicon.ico,internal_rel,js/images/favicon.ico,no,
js/about_bus.php,/css/twittermydiostyle.css,internal_root,css/twittermydiostyle.css,yes,
js/about_bus.php,/css/mydiostyle.css,internal_root,css/mydiostyle.css,yes,
js/about_bus.php,https://ajax.googleapis.com/ajax/libs/jquery/1.9.0/jquery.min.js,external,ajax/libs/jquery/1.9.0/jquery.min.js,n/a,
js/about_bus.php,https://maps.googleapis.com/maps/api/js?key=AIzaSyCn6C041sdi9PdqPRo_dpCcYwC7h-5QwBU&v=3.11&sensor=false,external,maps/api/js,n/a,
js/about_bus.php,https://maps.googleapis.com/maps/api/js?key=AIzaSyCn6C041sdi9PdqPRo_dpCcYwC7h-5QwBU&v&libraries=places,external,maps/api/js,n/a,
js/about_bus.php,../js/vendor/respond.min.js,internal_rel,js/vendor/respond.min.js,no,
js/about_bus.php,https://connect.facebook.net/en_US/all.js,external,en_US/all.js,n/a,
js/about_bus.php,/js/all-225.js,internal_root,js/all-225.js,yes,
js/about_bus.php,https://www.google.com/chrome/,external,chrome/,n/a,
js/about_bus.php,https://www.google.com/chrome/,external,chrome/,n/a,
js/about_bus.php,#,internal_rel,js/#,no,
js/about_bus.php,#,internal_rel,js/#,no,
js/adminlogin.php,../../images/favicon.ico,internal_rel,../images/favicon.ico,no,
js/adminlogin.php,/css/twittermydiostyle.css,internal_root,css/twittermydiostyle.css,yes,
js/adminlogin.php,https://www.google.com/chrome/,external,chrome/,n/a,
js/adminlogin.php,https://www.google.com/chrome/,external,chrome/,n/a,
js/adminlogin.php,#,internal_rel,js/#,no,
js/adminlogin.php,/index.php,internal_root,index.php,yes,
js/adminlogin.php,../../checkoutofsite.php,internal_rel,../checkoutofsite.php,no,
js/adminlogin.php,forgotPass.php,internal_rel,js/forgotPass.php,no,
js/adminlogin.php,../../images/connect-icons/dio_animat32s.gif,internal_rel,../images/connect-icons/dio_animat32s.gif,no,
js/adminlogin.php,/index.php,internal_root,index.php,yes,
js/adminlogin.php,#,internal_rel,js/#,no,
js/adminlogin.php,/js/all-225.js,internal_root,js/all-225.js,yes,
js/all-1.8.0.js,#,internal_rel,js/#,no,
js/all-1.8.0.js,/a,internal_root,a,no,
js/all-1.8.0.js,/blog/,internal_root,blog/,yes,
js/all-1.8.0.js,/blog/,internal_root,blog/,yes,
js/all-1.8.0.js,/search/,internal_root,search/,no,
js/all-1.8.0.js,//connect.facebook.net/en_US/all.js,protocol_relative,connect.facebook.net/en_US/all.js,no,
js/all-1.8.0.js,javascript:0,internal_rel,js/javascript:0,no,
js/all-1.8.0.js,javascript:0,internal_rel,js/javascript:0,no,
js/all-1.8.0.js,/blog/,internal_root,blog/,yes,
js/all-1.8.0.js,#,internal_rel,js/#,no,
js/all-1.8.0.js,#,internal_rel,js/#,no,
js/all-1.8.0.js,#,internal_rel,js/#,no,
js/all-1.8.0.js,#,internal_rel,js/#,no,
js/all-1.8.0.js,/blogs,internal_root,blogs,no,
js/all-1.8.0.js,/friends,internal_root,friends,no,
js/all-1.8.0.js,/blogs,internal_root,blogs,no,
js/all-1.8.0.js,#,internal_rel,js/#,no,
js/all-1.8.0.js,#,internal_rel,js/#,no,
js/all-1.8.0.js,/feed/friends,internal_root,feed/friends,no,
js/all-1.8.0.js,#,internal_rel,js/#,no,
js/all-1.8.0.js,#,internal_rel,js/#,no,
js/all-1.8.0.js,#,internal_rel,js/#,no,
js/all-1.8.0.js,#,internal_rel,js/#,no,
js/all-1.8.0.js,#,internal_rel,js/#,no,
js/all-1.8.0.js,#,internal_rel,js/#,no,
js/all-1.8.0.js,/tos,internal_root,tos,no,
js/all-1.8.0.js,/,internal_root,,yes,
js/all-1.8.0.js,http://help.bloglovin.com,external,,n/a,
js/all-1.8.0.js,#,internal_rel,js/#,no,
js/all-1.8.0.js,#,internal_rel,js/#,no,
js/all-1.8.0.js,#,internal_rel,js/#,no,
js/all-1.8.0.js,#,internal_rel,js/#,no,
js/all-1.8.0.js,#,internal_rel,js/#,no,
js/all-1.8.0.js,#,internal_rel,js/#,no,
js/all-1.8.0.js,#,internal_rel,js/#,no,
js/all-1.8.0.js,#,internal_rel,js/#,no,
js/all-1.8.0.js,#,internal_rel,js/#,no,
js/all-1.8.0.js,#,internal_rel,js/#,no,
js/all-1.8.0.js,#,internal_rel,js/#,no,
js/all-1.8.0.js,#,internal_rel,js/#,no,
js/all-1.8.0.js,/blogs,internal_root,blogs,no,
js/all-1.8.0.js,/feed,internal_root,feed,no,
js/all-225.js,/a,internal_root,a,no,
js/all-225.js,#,internal_rel,js/#,no,
js/all-225.js,/blog/,internal_root,blog/,yes,
js/all-225.js,/blog/,internal_root,blog/,yes,
js/all-225.js,/blog/,internal_root,blog/,yes,
js/all-225.js,/search/,internal_root,search/,no,
js/all-225.js,/search/,internal_root,search/,no,
js/all-255.js,/a,internal_root,a,no,
js/all-255.js,#,internal_rel,js/#,no,
js/all-255.js,#,internal_rel,js/#,no,
js/all-255.js,https://connect.facebook.net/en_US/all.js,external,en_US/all.js,n/a,
js/all-255.js,http://help.bloglovin.com,external,,n/a,
js/all-255.js,http://help.bloglovin.com,external,,n/a,
js/bus_stops.js,js/tpg_bus_stops.js,internal_rel,js/js/tpg_bus_stops.js,no,
js/create_rewardable_action.php,https://code.jquery.com/jquery-1.10.2.js,external,jquery-1.10.2.js,n/a,
js/create_rewardable_action.php,https://www.google.com/chrome/,external,chrome/,n/a,
js/create_rewardable_action.php,https://www.google.com/chrome/,external,chrome/,n/a,
js/create_rewardable_action.php,community_admin.php,internal_rel,js/community_admin.php,no,
js/jquery.js,#,internal_rel,js/#,no,
js/jquery.min.js,#,internal_rel,js/#,no,
js/style-1.7.10.js,#,internal_rel,js/#,no,
js/style-1.7.10.js,/a,internal_root,a,no,
js/style-1.7.10.js,/blog/,internal_root,blog/,yes,
js/style-1.7.10.js,/blog/,internal_root,blog/,yes,
js/style-1.7.10.js,/search/,internal_root,search/,no,
js/style-1.7.10.js,https://connect.facebook.net/en_US/all.js,external,en_US/all.js,n/a,
js/style-1.7.10.js,javascript:0,internal_rel,js/javascript:0,no,
js/style-1.7.10.js,javascript:0,internal_rel,js/javascript:0,no,
js/style-1.7.10.js,/blog/,internal_root,blog/,yes,
js/style-1.7.10.js,#,internal_rel,js/#,no,
js/style-1.7.10.js,#,internal_rel,js/#,no,
js/style-1.7.10.js,#,internal_rel,js/#,no,
js/style-1.7.10.js,/feed,internal_root,feed,no,
js/style-1.7.10.js,#,internal_rel,js/#,no,
js/style-1.7.10.js,#,internal_rel,js/#,no,
js/style-1.7.10.js,#,internal_rel,js/#,no,
js/style-1.7.10.js,/blogs,internal_root,blogs,no,
js/style-1.7.10.js,/friends,internal_root,friends,no,
js/style-1.7.10.js,#,internal_rel,js/#,no,
js/style-1.7.10.js,#,internal_rel,js/#,no,
js/style-1.7.10.js,/,internal_root,,yes,
js/style-1.7.10.js,/blogs,internal_root,blogs,no,
js/style-1.7.10.js,/tos,internal_root,tos,no,
js/style-1.7.10.js,#,internal_rel,js/#,no,
js/style-1.7.10.js,#,internal_rel,js/#,no,
js/style-1.7.10.js,#,internal_rel,js/#,no,
js/style-1.7.10.js,#,internal_rel,js/#,no,
js/style-1.7.10.js,#,internal_rel,js/#,no,
js/style-1.7.10.js,#,internal_rel,js/#,no,
js/style-1.7.10.js,#,internal_rel,js/#,no,
js/style-1.7.10.js,#,internal_rel,js/#,no,
js/style-1.7.10.js,#,internal_rel,js/#,no,
js/style-1.7.10.js,#,internal_rel,js/#,no,
js/style-1.7.10.js,#,internal_rel,js/#,no,
js/style-1.7.10.js,#,internal_rel,js/#,no,
js/style-1.7.10.js,/blogs,internal_root,blogs,no,
js/style-1.7.10.js,/feed/friends,internal_root,feed/friends,no,
js/style-1.7.10.js,http://help.mydropintheoceans.com,external,,n/a,
js/style-1.7.10.js,#,internal_rel,js/#,no,
js/style-1.7.10.js,#,internal_rel,js/#,no,
js/style-1.7.10.js,#,internal_rel,js/#,no,
js/style-1.7.10.js,#,internal_rel,js/#,no,
js/driver_token.php,https://www.google.com/chrome/,external,chrome/,n/a,
js/driver_token.php,https://www.google.com/chrome/,external,chrome/,n/a,
js/latest/jquery.min.js,#,internal_rel,js/latest/#,no,
js/tiltedpage_scroll-master/demo/demo.html,/images/tiltedpage_scroll_image.png,internal_root,images/tiltedpage_scroll_image.png,no,
js/tiltedpage_scroll-master/demo/demo.html,favicon.png,internal_rel,js/tiltedpage_scroll-master/demo/favicon.png,no,
js/tiltedpage_scroll-master/demo/demo.html,https://code.jquery.com/jquery-1.9.1.js,external,jquery-1.9.1.js,n/a,
js/tiltedpage_scroll-master/demo/demo.html,jquery.tiltedpage-scroll.js,internal_rel,js/tiltedpage_scroll-master/demo/jquery.tiltedpage-scroll.js,yes,
js/tiltedpage_scroll-master/demo/demo.html,tiltedpage-scroll.css,internal_rel,js/tiltedpage_scroll-master/demo/tiltedpage-scroll.css,yes,
js/tiltedpage_scroll-master/demo/demo.html,../css/demo.css,internal_rel,js/tiltedpage_scroll-master/css/demo.css,no,
js/tiltedpage_scroll-master/demo/demo.html,../js/demo.js,internal_rel,js/tiltedpage_scroll-master/js/demo.js,no,
js/tiltedpage_scroll-master/demo/demo.html,https://s3.buysellads.com/ac/bsa.js,external,ac/bsa.js,n/a,
js/tiltedpage_scroll-master/demo/demo.html,http://www.thepetedesign.com,external,,n/a,
js/tiltedpage_scroll-master/demo/demo.html,http://www.travelistly.com,external,,n/a,
js/tiltedpage_scroll-master/demo/demo.html,http://www.bucketlistly.com,external,,n/a,
js/tiltedpage_scroll-master/demo/demo.html,https://github.com/peachananr/flipping_gallery,external,peachananr/flipping_gallery,n/a,
js/tiltedpage_scroll-master/demo/demo.html,http://www.bucketlistly.com/achievements/visit-sydney-australia-95861,external,achievements/visit-sydney-australia-95861,n/a,
js/tiltedpage_scroll-master/demo/demo.html,http://www.bucketlistly.com/achievements/visit-uluru-ayers-rock-96722,external,achievements/visit-uluru-ayers-rock-96722,n/a,
js/tiltedpage_scroll-master/demo/demo.html,http://www.bucketlistly.com/achievements/travel-to-zhangjiajie-avatar-s-mountains-china-85798,external,achievements/travel-to-zhangjiajie-avatar-s-mountains-china-85798,n/a,
js/tiltedpage_scroll-master/demo/demo.html,http://www.bucketlistly.com/achievements/ride-a-camel-93541,external,achievements/ride-a-camel-93541,n/a,
js/tiltedpage_scroll-master/demo/demo.html,http://www.bucketlistly.com/achievements/visit-sydney-australia-95861,external,achievements/visit-sydney-australia-95861,n/a,
js/tiltedpage_scroll-master/demo/demo.html,http://www.bucketlistly.com/achievements/visit-uluru-ayers-rock-96722,external,achievements/visit-uluru-ayers-rock-96722,n/a,
js/tiltedpage_scroll-master/demo/demo.html,http://www.bucketlistly.com/achievements/travel-to-zhangjiajie-avatar-s-mountains-china-85798,external,achievements/travel-to-zhangjiajie-avatar-s-mountains-china-85798,n/a,
js/tiltedpage_scroll-master/demo/demo.html,http://www.bucketlistly.com/achievements/ride-a-camel-93541,external,achievements/ride-a-camel-93541,n/a,
js/tiltedpage_scroll-master/demo/demo.html,http://www.thepetedesign.com/#design,external,,n/a,
js/tiltedpage_scroll-master/demo/demo.html,https://github.com/peachananr/tiltedpage-scroll,external,peachananr/tiltedpage-scroll,n/a,
js/tiltedpage_scroll-master/demo/demo.html,https://s3.amazonaws.com/github/ribbons/forkme_right_darkblue_121621.png,external,github/ribbons/forkme_right_darkblue_121621.png,n/a,
js/tiltedpage_scroll-master/demo/demo.php,/css/twittermydiostyle.css,internal_root,css/twittermydiostyle.css,yes,
js/tiltedpage_scroll-master/demo/demo.php,/css/mydiostyle.css,internal_root,css/mydiostyle.css,yes,
js/tiltedpage_scroll-master/demo/demo.php,https://code.jquery.com/jquery-1.9.1.js,external,jquery-1.9.1.js,n/a,
js/tiltedpage_scroll-master/demo/demo.php,jquery.tiltedpage-scroll.js,internal_rel,js/tiltedpage_scroll-master/demo/jquery.tiltedpage-scroll.js,yes,
js/tiltedpage_scroll-master/demo/demo.php,tiltedpage-scroll.css,internal_rel,js/tiltedpage_scroll-master/demo/tiltedpage-scroll.css,yes,
js/tiltedpage_scroll-master/demo/demo.php,../css/demo.css,internal_rel,js/tiltedpage_scroll-master/css/demo.css,no,
js/tiltedpage_scroll-master/demo/demo.php,../js/demo.js,internal_rel,js/tiltedpage_scroll-master/js/demo.js,no,
js/tiltedpage_scroll-master/demo/demo.php,https://www.google.com/chrome/,external,chrome/,n/a,
js/tiltedpage_scroll-master/demo/demo.php,https://www.google.com/chrome/,external,chrome/,n/a,
js/tiltedpage_scroll-master/demo/tiltedpage_scroll_demo.html,/images/tiltedpage_scroll_image.png,internal_root,images/tiltedpage_scroll_image.png,no,
js/tiltedpage_scroll-master/demo/tiltedpage_scroll_demo.html,favicon.png,internal_rel,js/tiltedpage_scroll-master/demo/favicon.png,no,
js/tiltedpage_scroll-master/demo/tiltedpage_scroll_demo.html,https://code.jquery.com/jquery-1.9.1.js,external,jquery-1.9.1.js,n/a,
js/tiltedpage_scroll-master/demo/tiltedpage_scroll_demo.html,jquery.tiltedpage-scroll.js,internal_rel,js/tiltedpage_scroll-master/demo/jquery.tiltedpage-scroll.js,yes,
js/tiltedpage_scroll-master/demo/tiltedpage_scroll_demo.html,tiltedpage-scroll.css,internal_rel,js/tiltedpage_scroll-master/demo/tiltedpage-scroll.css,yes,
js/tiltedpage_scroll-master/demo/tiltedpage_scroll_demo.html,../css/demo.css,internal_rel,js/tiltedpage_scroll-master/css/demo.css,no,
js/tiltedpage_scroll-master/demo/tiltedpage_scroll_demo.html,../js/demo.js,internal_rel,js/tiltedpage_scroll-master/js/demo.js,no,
js/tiltedpage_scroll-master/demo/tiltedpage_scroll_demo.html,https://s3.buysellads.com/ac/bsa.js,external,ac/bsa.js,n/a,
js/tiltedpage_scroll-master/demo/tiltedpage_scroll_demo.html,http://www.thepetedesign.com,external,,n/a,
js/tiltedpage_scroll-master/demo/tiltedpage_scroll_demo.html,http://www.travelistly.com,external,,n/a,
js/tiltedpage_scroll-master/demo/tiltedpage_scroll_demo.html,http://www.bucketlistly.com,external,,n/a,
js/tiltedpage_scroll-master/demo/tiltedpage_scroll_demo.html,https://github.com/peachananr/flipping_gallery,external,peachananr/flipping_gallery,n/a,
js/tiltedpage_scroll-master/demo/tiltedpage_scroll_demo.html,http://www.bucketlistly.com/achievements/visit-sydney-australia-95861,external,achievements/visit-sydney-australia-95861,n/a,
js/tiltedpage_scroll-master/demo/tiltedpage_scroll_demo.html,http://www.bucketlistly.com/achievements/visit-uluru-ayers-rock-96722,external,achievements/visit-uluru-ayers-rock-96722,n/a,
js/tiltedpage_scroll-master/demo/tiltedpage_scroll_demo.html,http://www.bucketlistly.com/achievements/travel-to-zhangjiajie-avatar-s-mountains-china-85798,external,achievements/travel-to-zhangjiajie-avatar-s-mountains-china-85798,n/a,
js/tiltedpage_scroll-master/demo/tiltedpage_scroll_demo.html,http://www.bucketlistly.com/achievements/ride-a-camel-93541,external,achievements/ride-a-camel-93541,n/a,
js/tiltedpage_scroll-master/demo/tiltedpage_scroll_demo.html,http://www.bucketlistly.com/achievements/visit-sydney-australia-95861,external,achievements/visit-sydney-australia-95861,n/a,
js/tiltedpage_scroll-master/demo/tiltedpage_scroll_demo.html,http://www.bucketlistly.com/achievements/visit-uluru-ayers-rock-96722,external,achievements/visit-uluru-ayers-rock-96722,n/a,
js/tiltedpage_scroll-master/demo/tiltedpage_scroll_demo.html,http://www.bucketlistly.com/achievements/travel-to-zhangjiajie-avatar-s-mountains-china-85798,external,achievements/travel-to-zhangjiajie-avatar-s-mountains-china-85798,n/a,
js/tiltedpage_scroll-master/demo/tiltedpage_scroll_demo.html,http://www.bucketlistly.com/achievements/ride-a-camel-93541,external,achievements/ride-a-camel-93541,n/a,
js/tiltedpage_scroll-master/demo/tiltedpage_scroll_demo.html,http://www.thepetedesign.com/#design,external,,n/a,
js/tiltedpage_scroll-master/demo/tiltedpage_scroll_demo.html,https://github.com/peachananr/tiltedpage-scroll,external,peachananr/tiltedpage-scroll,n/a,
js/tiltedpage_scroll-master/demo/tiltedpage_scroll_demo.html,https://s3.amazonaws.com/github/ribbons/forkme_right_darkblue_121621.png,external,github/ribbons/forkme_right_darkblue_121621.png,n/a,
js/validate/demo/ajaxSubmit-integration-demo.html,css/screen.css,internal_rel,js/validate/demo/css/screen.css,yes,
js/validate/demo/ajaxSubmit-integration-demo.html,../lib/jquery.js,internal_rel,js/validate/lib/jquery.js,yes,
js/validate/demo/ajaxSubmit-integration-demo.html,../lib/jquery.mockjax.js,internal_rel,js/validate/lib/jquery.mockjax.js,yes,
js/validate/demo/ajaxSubmit-integration-demo.html,../lib/jquery.form.js,internal_rel,js/validate/lib/jquery.form.js,yes,
js/validate/demo/ajaxSubmit-integration-demo.html,../dist/jquery.validate.js,internal_rel,js/validate/dist/jquery.validate.js,yes,
js/validate/demo/ajaxSubmit-integration-demo.html,images/loading.gif,internal_rel,js/validate/demo/images/loading.gif,yes,
js/validate/demo/ajaxSubmit-integration-demo.html,http://jqueryvalidation.org/,external,,n/a,
js/validate/demo/ajaxSubmit-integration-demo.html,index.html,internal_rel,js/validate/demo/index.html,yes,
js/validate/demo/custom-messages-data-demo.html,css/screen.css,internal_rel,js/validate/demo/css/screen.css,yes,
js/validate/demo/custom-messages-data-demo.html,../lib/jquery.js,internal_rel,js/validate/lib/jquery.js,yes,
js/validate/demo/custom-messages-data-demo.html,../dist/jquery.validate.js,internal_rel,js/validate/dist/jquery.validate.js,yes,
js/validate/demo/custom-messages-data-demo.html,http://jqueryvalidation.org/,external,,n/a,
js/validate/demo/custom-messages-data-demo.html,index.html,internal_rel,js/validate/demo/index.html,yes,
js/validate/demo/custom-methods-demo.html,css/screen.css,internal_rel,js/validate/demo/css/screen.css,yes,
js/validate/demo/custom-methods-demo.html,../lib/jquery.js,internal_rel,js/validate/lib/jquery.js,yes,
js/validate/demo/custom-methods-demo.html,../dist/jquery.validate.js,internal_rel,js/validate/dist/jquery.validate.js,yes,
js/validate/demo/custom-methods-demo.html,http://jqueryvalidation.org/,external,,n/a,
js/validate/demo/custom-methods-demo.html,index.html,internal_rel,js/validate/demo/index.html,yes,
js/validate/demo/dynamic-totals.html,css/screen.css,internal_rel,js/validate/demo/css/screen.css,yes,
js/validate/demo/dynamic-totals.html,../lib/jquery.js,internal_rel,js/validate/lib/jquery.js,yes,
js/validate/demo/dynamic-totals.html,../dist/jquery.validate.js,internal_rel,js/validate/dist/jquery.validate.js,yes,
js/validate/demo/dynamic-totals.html,http://jqueryvalidation.org/,external,,n/a,
js/validate/demo/dynamic-totals.html,index.html,internal_rel,js/validate/demo/index.html,yes,
js/validate/demo/errorcontainer-demo.html,css/screen.css,internal_rel,js/validate/demo/css/screen.css,yes,
js/validate/demo/errorcontainer-demo.html,../lib/jquery.js,internal_rel,js/validate/lib/jquery.js,yes,
js/validate/demo/errorcontainer-demo.html,../dist/jquery.validate.js,internal_rel,js/validate/dist/jquery.validate.js,yes,
js/validate/demo/errorcontainer-demo.html,http://jqueryvalidation.org/,external,,n/a,
js/validate/demo/errorcontainer-demo.html,index.html,internal_rel,js/validate/demo/index.html,yes,
js/validate/demo/errors-within-labels.html,css/screen.css,internal_rel,js/validate/demo/css/screen.css,yes,
js/validate/demo/errors-within-labels.html,../lib/jquery.js,internal_rel,js/validate/lib/jquery.js,yes,
js/validate/demo/errors-within-labels.html,../dist/jquery.validate.js,internal_rel,js/validate/dist/jquery.validate.js,yes,
js/validate/demo/errors-within-labels.html,http://jqueryvalidation.org/,external,,n/a,
js/validate/demo/errors-within-labels.html,index.html,internal_rel,js/validate/demo/index.html,yes,
js/validate/demo/file_input.html,css/screen.css,internal_rel,js/validate/demo/css/screen.css,yes,
js/validate/demo/file_input.html,css/cmxform.css,internal_rel,js/validate/demo/css/cmxform.css,yes,
js/validate/demo/file_input.html,../lib/jquery.js,internal_rel,js/validate/lib/jquery.js,yes,
js/validate/demo/file_input.html,../dist/jquery.validate.js,internal_rel,js/validate/dist/jquery.validate.js,yes,
js/validate/demo/file_input.html,../dist/additional-methods.js,internal_rel,js/validate/dist/additional-methods.js,yes,
js/validate/demo/index.html,css/screen.css,internal_rel,js/validate/demo/css/screen.css,yes,
js/validate/demo/index.html,../lib/jquery.js,internal_rel,js/validate/lib/jquery.js,yes,
js/validate/demo/index.html,../dist/jquery.validate.js,internal_rel,js/validate/dist/jquery.validate.js,yes,
js/validate/demo/index.html,http://jqueryvalidation.org/,external,,n/a,
js/validate/demo/index.html,errorcontainer-demo.html,internal_rel,js/validate/demo/errorcontainer-demo.html,yes,
js/validate/demo/index.html,custom-messages-data-demo.html,internal_rel,js/validate/demo/custom-messages-data-demo.html,yes,
js/validate/demo/index.html,radio-checkbox-select-demo.html,internal_rel,js/validate/demo/radio-checkbox-select-demo.html,yes,
js/validate/demo/index.html,ajaxSubmit-integration-demo.html,internal_rel,js/validate/demo/ajaxSubmit-integration-demo.html,yes,
js/validate/demo/index.html,custom-methods-demo.html,internal_rel,js/validate/demo/custom-methods-demo.html,yes,
js/validate/demo/index.html,dynamic-totals.html,internal_rel,js/validate/demo/dynamic-totals.html,yes,
js/validate/demo/index.html,themerollered.html,internal_rel,js/validate/demo/themerollered.html,yes,
js/validate/demo/index.html,tinymce/,internal_rel,js/validate/demo/tinymce,yes,
js/validate/demo/index.html,tinymce4/,internal_rel,js/validate/demo/tinymce4,yes,
js/validate/demo/index.html,file_input.html,internal_rel,js/validate/demo/file_input.html,yes,
js/validate/demo/index.html,jquerymobile.html,internal_rel,js/validate/demo/jquerymobile.html,yes,
js/validate/demo/index.html,errors-within-labels.html,internal_rel,js/validate/demo/errors-within-labels.html,yes,
js/validate/demo/index.html,requirejs/index.html,internal_rel,js/validate/demo/requirejs/index.html,yes,
js/validate/demo/index.html,cinema/,internal_rel,js/validate/demo/cinema,yes,
js/validate/demo/index.html,milk/,internal_rel,js/validate/demo/milk,yes,
js/validate/demo/index.html,marketo/,internal_rel,js/validate/demo/marketo,yes,
js/validate/demo/index.html,multipart/,internal_rel,js/validate/demo/multipart,yes,
js/validate/demo/index.html,captcha/,internal_rel,js/validate/demo/captcha,yes,
js/validate/demo/jquerymobile.html,http://code.jquery.com/mobile/1.4.2/jquery.mobile-1.4.2.min.css,external,mobile/1.4.2/jquery.mobile-1.4.2.min.css,n/a,
js/validate/demo/jquerymobile.html,http://code.jquery.com/jquery-1.11.1.min.js,external,jquery-1.11.1.min.js,n/a,
js/validate/demo/jquerymobile.html,http://code.jquery.com/mobile/1.4.2/jquery.mobile-1.4.2.min.js,external,mobile/1.4.2/jquery.mobile-1.4.2.min.js,n/a,
js/validate/demo/jquerymobile.html,../dist/jquery.validate.js,internal_rel,js/validate/dist/jquery.validate.js,yes,
js/validate/demo/radio-checkbox-select-demo.html,css/screen.css,internal_rel,js/validate/demo/css/screen.css,yes,
js/validate/demo/radio-checkbox-select-demo.html,../lib/jquery.js,internal_rel,js/validate/lib/jquery.js,yes,
js/validate/demo/radio-checkbox-select-demo.html,../dist/jquery.validate.js,internal_rel,js/validate/dist/jquery.validate.js,yes,
js/validate/demo/radio-checkbox-select-demo.html,http://jqueryvalidation.org/,external,,n/a,
js/validate/demo/radio-checkbox-select-demo.html,index.html,internal_rel,js/validate/demo/index.html,yes,
js/validate/demo/themerollered.html,http://code.jquery.com/ui/1.10.4/themes/smoothness/jquery-ui.min.css,external,ui/1.10.4/themes/smoothness/jquery-ui.min.css,n/a,
js/validate/demo/themerollered.html,../lib/jquery.js,internal_rel,js/validate/lib/jquery.js,yes,
js/validate/demo/themerollered.html,../dist/jquery.validate.js,internal_rel,js/validate/dist/jquery.validate.js,yes,
js/validate/demo/themerollered.html,http://code.jquery.com/ui/1.10.4/jquery-ui.min.js,external,ui/1.10.4/jquery-ui.min.js,n/a,
js/validate/demo/bootstrap/index.html,https://maxcdn.bootstrapcdn.com/bootstrap/3.3.5/css/bootstrap.min.css,external,bootstrap/3.3.5/css/bootstrap.min.css,n/a,
js/validate/demo/bootstrap/index.html,../../lib/jquery-1.11.1.js,internal_rel,js/validate/lib/jquery-1.11.1.js,yes,
js/validate/demo/bootstrap/index.html,../../dist/jquery.validate.js,internal_rel,js/validate/dist/jquery.validate.js,yes,
js/validate/demo/bootstrap/index.html,http://getbootstrap.com/,external,,n/a,
js/validate/demo/captcha/image_req.php,index.php,internal_rel,js/validate/demo/captcha/index.php,yes,
js/validate/demo/captcha/image_req.php,images/image.php?,internal_rel,js/validate/demo/captcha/images/image.php?,no,
js/validate/demo/captcha/index.php,../../lib/jquery.js,internal_rel,js/validate/lib/jquery.js,yes,
js/validate/demo/captcha/index.php,../../dist/jquery.validate.js,internal_rel,js/validate/dist/jquery.validate.js,yes,
js/validate/demo/captcha/index.php,captcha.js,internal_rel,js/validate/demo/captcha/captcha.js,yes,
js/validate/demo/captcha/index.php,style.css,internal_rel,js/validate/demo/captcha/style.css,yes,
js/validate/demo/captcha/index.php,<?php echo htmlEntities($_SERVER[,internal_rel,js/validate/demo/captcha/<?php echo htmlEntities($_SERVER[,no,
js/validate/demo/captcha/index.php,images/image.php?<?php echo time(); ?>,internal_rel,js/validate/demo/captcha/images/image.php?<?php echo time(); ?>,no,
js/validate/demo/cinema/index.html,http://code.jquery.com/ui/1.11.3/themes/swanky-purse/jquery-ui.css,external,ui/1.11.3/themes/swanky-purse/jquery-ui.css,n/a,
js/validate/demo/cinema/index.html,../../lib/jquery.js,internal_rel,js/validate/lib/jquery.js,yes,
js/validate/demo/cinema/index.html,http://code.jquery.com/ui/1.11.3/jquery-ui.js,external,ui/1.11.3/jquery-ui.js,n/a,
js/validate/demo/cinema/index.html,../../dist/jquery.validate.js,internal_rel,js/validate/dist/jquery.validate.js,yes,
js/validate/demo/cinema/index.html,saucer_men.jpg,internal_rel,js/validate/demo/cinema/saucer_men.jpg,yes,
js/validate/demo/cinema/index.html,plan_9.jpg,internal_rel,js/validate/demo/cinema/plan_9.jpg,yes,
js/validate/demo/cinema/index.html,refer_madness.jpg,internal_rel,js/validate/demo/cinema/refer_madness.jpg,yes,
js/validate/demo/login/index.html,screen.css,internal_rel,js/validate/demo/login/screen.css,yes,
js/validate/demo/login/index.html,../../lib/jquery.js,internal_rel,js/validate/lib/jquery.js,yes,
js/validate/demo/login/index.html,../../dist/jquery.validate.js,internal_rel,js/validate/dist/jquery.validate.js,yes,
js/validate/demo/login/index.html,#,internal_rel,js/validate/demo/login/#,no,
js/validate/demo/marketo/index.html,../../lib/jquery.js,internal_rel,js/validate/lib/jquery.js,yes,
js/validate/demo/marketo/index.html,../../lib/jquery.mockjax.js,internal_rel,js/validate/lib/jquery.mockjax.js,yes,
js/validate/demo/marketo/index.html,../../dist/jquery.validate.js,internal_rel,js/validate/dist/jquery.validate.js,yes,
js/validate/demo/marketo/index.html,jquery.maskedinput.js,internal_rel,js/validate/demo/marketo/jquery.maskedinput.js,yes,
js/validate/demo/marketo/index.html,mktSignup.js,internal_rel,js/validate/demo/marketo/mktSignup.js,yes,
js/validate/demo/marketo/index.html,stylesheet.css,internal_rel,js/validate/demo/marketo/stylesheet.css,yes,
js/validate/demo/marketo/index.html,#,internal_rel,js/validate/demo/marketo/#,no,
js/validate/demo/marketo/index.html,#,internal_rel,js/validate/demo/marketo/#,no,
js/validate/demo/marketo/index.html,images/logo_marketo.gif,internal_rel,js/validate/demo/marketo/images/logo_marketo.gif,yes,
js/validate/demo/marketo/index.html,#,internal_rel,js/validate/demo/marketo/#,no,
js/validate/demo/marketo/index.html,#,internal_rel,js/validate/demo/marketo/#,no,
js/validate/demo/marketo/index.html,#,internal_rel,js/validate/demo/marketo/#,no,
js/validate/demo/marketo/index.html,#,internal_rel,js/validate/demo/marketo/#,no,
js/validate/demo/marketo/index.html,images/warning.gif,internal_rel,js/validate/demo/marketo/images/warning.gif,yes,
js/validate/demo/marketo/index.html,images/left-nav-callout-long.png,internal_rel,js/validate/demo/marketo/images/left-nav-callout-long.png,yes,
js/validate/demo/marketo/index.html,..,internal_rel,js/validate/demo,yes,
js/validate/demo/marketo/index.html,step2.htm,internal_rel,js/validate/demo/marketo/step2.htm,yes,
js/validate/demo/marketo/step2.htm,../../lib/jquery.js,internal_rel,js/validate/lib/jquery.js,yes,
js/validate/demo/marketo/step2.htm,../../lib/jquery.mockjax.js,internal_rel,js/validate/lib/jquery.mockjax.js,yes,
js/validate/demo/marketo/step2.htm,../../dist/jquery.validate.js,internal_rel,js/validate/dist/jquery.validate.js,yes,
js/validate/demo/marketo/step2.htm,jquery.maskedinput.js,internal_rel,js/validate/demo/marketo/jquery.maskedinput.js,yes,
js/validate/demo/marketo/step2.htm,mktSignup.js,internal_rel,js/validate/demo/marketo/mktSignup.js,yes,
js/validate/demo/marketo/step2.htm,stylesheet.css,internal_rel,js/validate/demo/marketo/stylesheet.css,yes,
js/validate/demo/marketo/step2.htm,#,internal_rel,js/validate/demo/marketo/#,no,
js/validate/demo/marketo/step2.htm,#,internal_rel,js/validate/demo/marketo/#,no,
js/validate/demo/marketo/step2.htm,images/logo_marketo.gif,internal_rel,js/validate/demo/marketo/images/logo_marketo.gif,yes,
js/validate/demo/marketo/step2.htm,#,internal_rel,js/validate/demo/marketo/#,no,
js/validate/demo/marketo/step2.htm,#,internal_rel,js/validate/demo/marketo/#,no,
js/validate/demo/marketo/step2.htm,#,internal_rel,js/validate/demo/marketo/#,no,
js/validate/demo/marketo/step2.htm,#,internal_rel,js/validate/demo/marketo/#,no,
js/validate/demo/marketo/step2.htm,images/warning.gif,internal_rel,js/validate/demo/marketo/images/warning.gif,yes,
js/validate/demo/marketo/step2.htm,images/left-nav-callout-long.png,internal_rel,js/validate/demo/marketo/images/left-nav-callout-long.png,yes,
js/validate/demo/marketo/step2.htm,..,internal_rel,js/validate/demo,yes,
js/validate/demo/marketo/step2.htm,.,internal_rel,js/validate/demo/marketo,yes,
js/validate/demo/marketo/stylesheet.css,images/icon_search-engine-market.png,internal_rel,js/validate/demo/marketo/images/icon_search-engine-market.png,no,
js/validate/demo/marketo/stylesheet.css,images/icon_landing-pages.png,internal_rel,js/validate/demo/marketo/images/icon_landing-pages.png,no,
js/validate/demo/marketo/stylesheet.css,images/icon_salesforce.png,internal_rel,js/validate/demo/marketo/images/icon_salesforce.png,no,
js/validate/demo/milk/index.html,milk.css,internal_rel,js/validate/demo/milk/milk.css,yes,
js/validate/demo/milk/index.html,../../lib/jquery.js,internal_rel,js/validate/lib/jquery.js,yes,
js/validate/demo/milk/index.html,../../lib/jquery.mockjax.js,internal_rel,js/validate/lib/jquery.mockjax.js,yes,
js/validate/demo/milk/index.html,../../dist/jquery.validate.js,internal_rel,js/validate/dist/jquery.validate.js,yes,
js/validate/demo/milk/index.html,http://jqueryvalidation.org/,external,,n/a,
js/validate/demo/milk/index.html,milk.png,internal_rel,js/validate/demo/milk/milk.png,yes,
js/validate/demo/milk/index.html,,internal_rel,js/validate/demo/milk,yes,
js/validate/demo/multipart/index.html,../../lib/jquery.js,internal_rel,js/validate/lib/jquery.js,yes,
js/validate/demo/multipart/index.html,../../dist/jquery.validate.js,internal_rel,js/validate/dist/jquery.validate.js,yes,
js/validate/demo/multipart/index.html,../marketo/jquery.maskedinput.js,internal_rel,js/validate/demo/marketo/jquery.maskedinput.js,yes,
js/validate/demo/multipart/index.html,http://code.jquery.com/ui/1.10.4/jquery-ui.min.js,external,ui/1.10.4/jquery-ui.min.js,n/a,
js/validate/demo/multipart/index.html,style.css,internal_rel,js/validate/demo/multipart/style.css,yes,
js/validate/demo/multipart/index.html,#,internal_rel,js/validate/demo/multipart/#,no,
js/validate/demo/multipart/index.html,#,internal_rel,js/validate/demo/multipart/#,no,
js/validate/demo/multipart/index.html,#,internal_rel,js/validate/demo/multipart/#,no,
js/validate/demo/requirejs/index.html,../css/screen.css,internal_rel,js/validate/demo/css/screen.css,yes,
js/validate/demo/requirejs/index.html,http://jqueryvalidation.org/,external,,n/a,
js/validate/demo/requirejs/index.html,../../lib/require.js,internal_rel,js/validate/lib/require.js,yes,
js/validate/demo/semantic-ui/index.html,https://cdn.jsdelivr.net/semantic-ui/2.1.4/semantic.min.css,external,semantic-ui/2.1.4/semantic.min.css,n/a,
js/validate/demo/semantic-ui/index.html,../../lib/jquery-1.11.1.js,internal_rel,js/validate/lib/jquery-1.11.1.js,yes,
js/validate/demo/semantic-ui/index.html,../../dist/jquery.validate.js,internal_rel,js/validate/dist/jquery.validate.js,yes,
js/validate/demo/semantic-ui/index.html,http://semantic-ui.com/,external,,n/a,
js/validate/demo/tinymce/index.html,../../lib/jquery.js,internal_rel,js/validate/lib/jquery.js,yes,
js/validate/demo/tinymce/index.html,../../dist/jquery.validate.js,internal_rel,js/validate/dist/jquery.validate.js,yes,
js/validate/demo/tinymce/index.html,tiny_mce.js,internal_rel,js/validate/demo/tinymce/tiny_mce.js,yes,
js/validate/demo/tinymce/tiny_mce.js,javascript:;,internal_rel,js/validate/demo/tinymce/javascript:;,no,
js/validate/demo/tinymce4/index.html,../../lib/jquery.js,internal_rel,js/validate/lib/jquery.js,yes,
js/validate/demo/tinymce4/index.html,../../dist/jquery.validate.js,internal_rel,js/validate/dist/jquery.validate.js,yes,
js/validate/demo/tinymce4/index.html,https://tinymce.cachefly.net/4.1/tinymce.min.js,external,4.1/tinymce.min.js,n/a,
js/validate/lib/jquery-1.11.1.js,#,internal_rel,js/validate/lib/#,no,
js/validate/lib/jquery-1.11.1.js,/a,internal_root,a,no,
js/validate/lib/jquery-1.11.1.js,/a,internal_root,a,no,
js/validate/lib/jquery-1.11.1.js,/a,internal_root,a,no,
js/validate/lib/jquery-1.7.2.js,/a,internal_root,a,no,
js/validate/lib/jquery-1.7.2.js,#,internal_rel,js/validate/lib/#,no,
js/validate/lib/jquery-1.8.3.js,/a,internal_root,a,no,
js/validate/lib/jquery-1.8.3.js,#,internal_rel,js/validate/lib/#,no,
js/validate/lib/jquery-1.9.1.js,/a,internal_root,a,no,
js/validate/lib/jquery-1.9.1.js,#,internal_rel,js/validate/lib/#,no,
js/validate/test/index.html,qunit/qunit.css,internal_rel,js/validate/test/qunit/qunit.css,yes,
js/validate/test/index.html,../lib/jquery.js,internal_rel,js/validate/lib/jquery.js,yes,
js/validate/test/index.html,../lib/jquery.simulate.js,internal_rel,js/validate/lib/jquery.simulate.js,yes,
js/validate/test/index.html,../lib/jquery.form.js,internal_rel,js/validate/lib/jquery.form.js,yes,
js/validate/test/index.html,qunit/qunit.js,internal_rel,js/validate/test/qunit/qunit.js,yes,
js/validate/test/index.html,../lib/jquery.mockjax.js,internal_rel,js/validate/lib/jquery.mockjax.js,yes,
js/validate/test/index.html,../dist/jquery.validate.js,internal_rel,js/validate/dist/jquery.validate.js,yes,
js/validate/test/index.html,../dist/additional-methods.js,internal_rel,js/validate/dist/additional-methods.js,yes,
js/validate/test/index.html,test.js,internal_rel,js/validate/test/test.js,yes,
js/validate/test/index.html,rules.js,internal_rel,js/validate/test/rules.js,yes,
js/validate/test/index.html,messages.js,internal_rel,js/validate/test/messages.js,yes,
js/validate/test/index.html,methods.js,internal_rel,js/validate/test/methods.js,yes,
js/validate/test/index.html,additional/creditcard.js,internal_rel,js/validate/test/additional/creditcard.js,yes,
js/validate/test/index.html,aria.js,internal_rel,js/validate/test/aria.js,yes,
js/validate/test/index.html,error-placement.js,internal_rel,js/validate/test/error-placement.js,yes,
js/validate/test/index.html,http://jqueryvalidation.org/,external,,n/a,
js/validate/test/index.html,?jquery=1.7.2,internal_rel,js/validate/test/?jquery=1.7.2,no,
js/validate/test/index.html,?jquery=1.8.3,internal_rel,js/validate/test/?jquery=1.8.3,no,
js/validate/test/index.html,?jquery=1.9.1,internal_rel,js/validate/test/?jquery=1.9.1,no,
js/validate/test/index.html,?jquery=1.11.1,internal_rel,js/validate/test/?jquery=1.11.1,no,
js/validate/test/index.html,?jquery=git,internal_rel,js/validate/test/?jquery=git,no,
js/validate/test/index.html,http://simon.incutio.com/2003/03/25/#getElementsBySelector,external,2003/03/25/,n/a,
js/validate/test/index.html,http://www.google.com/,external,,n/a,
js/validate/test/index.html,http://groups.google.com/,external,,n/a,
js/validate/test/index.html,#,internal_rel,js/validate/test/#,no,
js/validate/test/index.html,http://diveintomark.org/,external,,n/a,
js/validate/test/index.html,http://www.yahoo.com/,external,,n/a,
js/validate/test/index.html,#2,internal_rel,js/validate/test/#2,no,
js/validate/test/index.html,http://simon.incutio.com/,external,,n/a,
php/analytics-view.php,?days=1,internal_rel,php/?days=1,no,
php/analytics-view.php,?days=7,internal_rel,php/?days=7,no,
php/analytics-view.php,?days=30,internal_rel,php/?days=30,no,
php/analytics-view.php,?days=90,internal_rel,php/?days=90,no,
php/home-en.php,/theory-of-change/,internal_root,theory-of-change/,yes,
php/home-en.php,/contact/,internal_root,contact/,yes,
php/home-en.php,/blog/nature-is-not-a-charity/,internal_root,blog/nature-is-not-a-charity/,yes,
php/home-en.php,/blog/why-the-swiss-said-no-to-free-money/,internal_root,blog/why-the-swiss-said-no-to-free-money/,yes,
php/home-en.php,/blog/make-money-first-then-think-of-nature/,internal_root,blog/make-money-first-then-think-of-nature/,yes,
php/home-en.php,/blog/money-work-worth/,internal_root,blog/money-work-worth/,yes,
php/home-en.php,/blog/what-if-stewardship-was-financially-recognised/,internal_root,blog/what-if-stewardship-was-financially-recognised/,yes,
php/home-en.php,/blog/,internal_root,blog/,yes,
php/home-en.php,https://www.teebweb.org/,external,,n/a,
php/home-en.php,https://www.footprintnetwork.org/,external,,n/a,
php/home-en.php,https://www.gov.uk/government/publications/final-report-the-economics-of-biodiversity-the-dasgupta-review,external,government/publications/final-report-the-economics-of-biodiversity-the-dasgupta-review,n/a,
php/home-en.php,https://seea.un.org/,external,,n/a,
php/home-en.php,https://www.ipbes.net/node/35274,external,node/35274,n/a,
php/home-en.php,https://mydio.com/,external,,n/a,
php/home-en.php,https://mydio.com/about-us,external,about-us,n/a,
php/home-en.php,https://mydio.com/story,external,story,n/a,
php/home-en.php,/blog/money-work-worth/,internal_root,blog/money-work-worth/,yes,
php/home-en.php,/blog/what-if-stewardship-was-financially-recognised/,internal_root,blog/what-if-stewardship-was-financially-recognised/,yes,
php/home-en.php,/theory-of-change/,internal_root,theory-of-change/,yes,
php/home-en.php,/blog/nature-is-not-a-charity/,internal_root,blog/nature-is-not-a-charity/,yes,
php/home-en.php,/contact/,internal_root,contact/,yes,
php/home-en.php,/privacy/,internal_root,privacy/,yes,
php/home-en.php,https://www.linkedin.com/shareArticle?mini=true&url=<?php echo urlencode($canonicalUrl); ?>,external,shareArticle,n/a,
php/home-en.php,/images/social/linkedin.svg,internal_root,images/social/linkedin.svg,yes,
php/home-en.php,https://twitter.com/intent/tweet?url=<?php echo urlencode($canonicalUrl); ?>&text=<?php echo urlencode($pageTitle); ?>,external,intent/tweet,n/a,
php/home-en.php,/images/social/twitter.svg,internal_root,images/social/twitter.svg,yes,
php/home-en.php,https://www.facebook.com/sharer/sharer.php?u=<?php echo urlencode($canonicalUrl); ?>,external,sharer/sharer.php,n/a,
php/home-en.php,/images/social/facebook.svg,internal_root,images/social/facebook.svg,yes,
php/home-en.php,https://wa.me/?text=<?php echo urlencode($pageTitle .,external,,n/a,
php/home-en.php,/images/social/whatsapp.svg,internal_root,images/social/whatsapp.svg,yes,
php/home-fr.php,/fr/theory-of-change/,internal_root,fr/theory-of-change/,no,
php/home-fr.php,/fr/contact/,internal_root,fr/contact/,no,
php/home-fr.php,/fr/blog/nature-is-not-a-charity/,internal_root,fr/blog/nature-is-not-a-charity/,no,
php/home-fr.php,/fr/blog/why-the-swiss-said-no-to-free-money/,internal_root,fr/blog/why-the-swiss-said-no-to-free-money/,no,
php/home-fr.php,/fr/blog/make-money-first-then-think-of-nature/,internal_root,fr/blog/make-money-first-then-think-of-nature/,no,
php/home-fr.php,/fr/blog/money-work-worth/,internal_root,fr/blog/money-work-worth/,no,
php/home-fr.php,/fr/blog/what-if-stewardship-was-financially-recognised/,internal_root,fr/blog/what-if-stewardship-was-financially-recognised/,no,
php/home-fr.php,/fr/blog/,internal_root,fr/blog/,no,
php/home-fr.php,https://www.teebweb.org/,external,,n/a,
php/home-fr.php,https://www.footprintnetwork.org/,external,,n/a,
php/home-fr.php,https://www.gov.uk/government/publications/final-report-the-economics-of-biodiversity-the-dasgupta-review,external,government/publications/final-report-the-economics-of-biodiversity-the-dasgupta-review,n/a,
php/home-fr.php,https://seea.un.org/,external,,n/a,
php/home-fr.php,https://www.ipbes.net/node/35274,external,node/35274,n/a,
php/home-fr.php,https://mydio.com/,external,,n/a,
php/home-fr.php,https://mydio.com/about-us,external,about-us,n/a,
php/home-fr.php,https://mydio.com/story,external,story,n/a,
php/home-fr.php,/fr/blog/money-work-worth/,internal_root,fr/blog/money-work-worth/,no,
php/home-fr.php,/fr/blog/what-if-stewardship-was-financially-recognised/,internal_root,fr/blog/what-if-stewardship-was-financially-recognised/,no,
php/home-fr.php,/fr/theory-of-change/,internal_root,fr/theory-of-change/,no,
php/home-fr.php,/fr/blog/nature-is-not-a-charity/,internal_root,fr/blog/nature-is-not-a-charity/,no,
php/home-fr.php,/fr/contact/,internal_root,fr/contact/,no,
php/home-fr.php,/fr/privacy/,internal_root,fr/privacy/,no,
php/home-fr.php,https://www.linkedin.com/shareArticle?mini=true&url=<?php echo urlencode($canonicalUrl); ?>,external,shareArticle,n/a,
php/home-fr.php,/images/social/linkedin.svg,internal_root,images/social/linkedin.svg,yes,
php/home-fr.php,https://twitter.com/intent/tweet?url=<?php echo urlencode($canonicalUrl); ?>&text=<?php echo urlencode($pageTitle); ?>,external,intent/tweet,n/a,
php/home-fr.php,/images/social/twitter.svg,internal_root,images/social/twitter.svg,yes,
php/home-fr.php,https://www.facebook.com/sharer/sharer.php?u=<?php echo urlencode($canonicalUrl); ?>,external,sharer/sharer.php,n/a,
php/home-fr.php,/images/social/facebook.svg,internal_root,images/social/facebook.svg,yes,
php/home-fr.php,https://wa.me/?text=<?php echo urlencode($pageTitle .,external,,n/a,
php/home-fr.php,/images/social/whatsapp.svg,internal_root,images/social/whatsapp.svg,yes,
php/home-de.php,/de/theory-of-change/,internal_root,de/theory-of-change/,no,
php/home-de.php,/de/contact/,internal_root,de/contact/,no,
php/home-de.php,/de/blog/nature-is-not-a-charity/,internal_root,de/blog/nature-is-not-a-charity/,no,
php/home-de.php,/de/blog/why-the-swiss-said-no-to-free-money/,internal_root,de/blog/why-the-swiss-said-no-to-free-money/,no,
php/home-de.php,/de/blog/make-money-first-then-think-of-nature/,internal_root,de/blog/make-money-first-then-think-of-nature/,no,
php/home-de.php,/de/blog/money-work-worth/,internal_root,de/blog/money-work-worth/,no,
php/home-de.php,/de/blog/what-if-stewardship-was-financially-recognised/,internal_root,de/blog/what-if-stewardship-was-financially-recognised/,no,
php/home-de.php,/de/blog/,internal_root,de/blog/,no,
php/home-de.php,https://www.teebweb.org/,external,,n/a,
php/home-de.php,https://www.footprintnetwork.org/,external,,n/a,
php/home-de.php,https://www.gov.uk/government/publications/final-report-the-economics-of-biodiversity-the-dasgupta-review,external,government/publications/final-report-the-economics-of-biodiversity-the-dasgupta-review,n/a,
php/home-de.php,https://seea.un.org/,external,,n/a,
php/home-de.php,https://www.ipbes.net/node/35274,external,node/35274,n/a,
php/home-de.php,https://mydio.com/,external,,n/a,
php/home-de.php,https://mydio.com/about-us,external,about-us,n/a,
php/home-de.php,https://mydio.com/story,external,story,n/a,
php/home-de.php,/de/blog/money-work-worth/,internal_root,de/blog/money-work-worth/,no,
php/home-de.php,/de/blog/what-if-stewardship-was-financially-recognised/,internal_root,de/blog/what-if-stewardship-was-financially-recognised/,no,
php/home-de.php,/de/theory-of-change/,internal_root,de/theory-of-change/,no,
php/home-de.php,/de/blog/nature-is-not-a-charity/,internal_root,de/blog/nature-is-not-a-charity/,no,
php/home-de.php,/de/contact/,internal_root,de/contact/,no,
php/home-de.php,/de/privacy/,internal_root,de/privacy/,no,
php/home-de.php,https://www.linkedin.com/shareArticle?mini=true&url=<?php echo urlencode($canonicalUrl); ?>,external,shareArticle,n/a,
php/home-de.php,/images/social/linkedin.svg,internal_root,images/social/linkedin.svg,yes,
php/home-de.php,https://twitter.com/intent/tweet?url=<?php echo urlencode($canonicalUrl); ?>&text=<?php echo urlencode($pageTitle); ?>,external,intent/tweet,n/a,
php/home-de.php,/images/social/twitter.svg,internal_root,images/social/twitter.svg,yes,
php/home-de.php,https://www.facebook.com/sharer/sharer.php?u=<?php echo urlencode($canonicalUrl); ?>,external,sharer/sharer.php,n/a,
php/home-de.php,/images/social/facebook.svg,internal_root,images/social/facebook.svg,yes,
php/home-de.php,https://wa.me/?text=<?php echo urlencode($pageTitle .,external,,n/a,
php/home-de.php,/images/social/whatsapp.svg,internal_root,images/social/whatsapp.svg,yes,
php/seo_tags.php,"<?php echo htmlspecialchars($alternateEnUrl, ENT_QUOTES,",internal_rel,"php/<?php echo htmlspecialchars($alternateEnUrl, ENT_QUOTES,",no,
php/seo_tags.php,"<?php echo htmlspecialchars($alternateFrUrl, ENT_QUOTES,",internal_rel,"php/<?php echo htmlspecialchars($alternateFrUrl, ENT_QUOTES,",no,
php/seo_tags.php,"<?php echo htmlspecialchars($alternateDeUrl, ENT_QUOTES,",internal_rel,"php/<?php echo htmlspecialchars($alternateDeUrl, ENT_QUOTES,",no,
php/seo_tags.php,"<?php echo htmlspecialchars($alternateEnUrl, ENT_QUOTES,",internal_rel,"php/<?php echo htmlspecialchars($alternateEnUrl, ENT_QUOTES,",no,
php/site-header.php,/js/baseurl-shim.js,internal_root,js/baseurl-shim.js,yes,
blog/index.php,<?php echo htmlspecialchars($canonicalUrl); ?>,internal_rel,blog/<?php echo htmlspecialchars($canonicalUrl); ?>,no,
blog/index.php,../images/favicon.ico,internal_rel,images/favicon.ico,yes,
blog/index.php,/images/connect-icons/apple-touch-icon.png,internal_root,images/connect-icons/apple-touch-icon.png,yes,
blog/index.php,../css/mydropintheoceans-style.css?v=<?php echo date(,internal_rel,css/mydropintheoceans-style.css?v=<?php echo date(,no,
blog/index.php,https://ajax.googleapis.com/ajax/libs/jquery/3.7.0/jquery.min.js?v=<?php echo date(,external,ajax/libs/jquery/3.7.0/jquery.min.js,n/a,
blog/index.php,<?php echo htmlspecialchars(localized_path(,internal_rel,blog/<?php echo htmlspecialchars(localized_path(,no,
blog/money-work-worth/content-en.php,<?php echo htmlspecialchars(localized_path(,internal_rel,blog/money-work-worth/<?php echo htmlspecialchars(localized_path(,no,
blog/money-work-worth/content-en.php,<?php echo htmlspecialchars(localized_path(,internal_rel,blog/money-work-worth/<?php echo htmlspecialchars(localized_path(,no,
blog/money-work-worth/content-en.php,https://www.linkedin.com/feed/update/urn:li:activity:7343198494863622144/,external,feed/update/urn:li:activity:7343198494863622144/,n/a,
blog/money-work-worth/content-en.php,https://www.linkedin.com/shareArticle?mini=true&url=<?php echo urlencode($canonicalUrl); ?>,external,shareArticle,n/a,
blog/money-work-worth/content-en.php,/images/social/linkedin.svg,internal_root,images/social/linkedin.svg,yes,
blog/money-work-worth/content-en.php,https://twitter.com/intent/tweet?url=<?php echo urlencode($canonicalUrl); ?>&text=<?php echo urlencode($pageTitle); ?>,external,intent/tweet,n/a,
blog/money-work-worth/content-en.php,/images/social/twitter.svg,internal_root,images/social/twitter.svg,yes,
blog/money-work-worth/content-en.php,https://www.facebook.com/sharer/sharer.php?u=<?php echo urlencode($canonicalUrl); ?>,external,sharer/sharer.php,n/a,
blog/money-work-worth/content-en.php,/images/social/facebook.svg,internal_root,images/social/facebook.svg,yes,
blog/money-work-worth/content-en.php,https://wa.me/?text=<?php echo urlencode($pageTitle .,external,,n/a,
blog/money-work-worth/content-en.php,/images/social/whatsapp.svg,internal_root,images/social/whatsapp.svg,yes,
blog/money-work-worth/content-en.php,<?php echo htmlspecialchars(localized_path(,internal_rel,blog/money-work-worth/<?php echo htmlspecialchars(localized_path(,no,
blog/money-work-worth/content-en.php,<?php echo htmlspecialchars(localized_path(,internal_rel,blog/money-work-worth/<?php echo htmlspecialchars(localized_path(,no,
blog/money-work-worth/content-en.php,<?php echo htmlspecialchars(localized_path(,internal_rel,blog/money-work-worth/<?php echo htmlspecialchars(localized_path(,no,
blog/money-work-worth/content-en.php,<?php echo htmlspecialchars(localized_path(,internal_rel,blog/money-work-worth/<?php echo htmlspecialchars(localized_path(,no,
blog/money-work-worth/content-en.php,<?php echo htmlspecialchars(localized_path(,internal_rel,blog/money-work-worth/<?php echo htmlspecialchars(localized_path(,no,
blog/money-work-worth/content-en.php,<?php echo htmlspecialchars(localized_path(,internal_rel,blog/money-work-worth/<?php echo htmlspecialchars(localized_path(,no,
blog/money-work-worth/content-fr.php,<?php echo htmlspecialchars(localized_path(,internal_rel,blog/money-work-worth/<?php echo htmlspecialchars(localized_path(,no,
blog/money-work-worth/content-fr.php,<?php echo htmlspecialchars(localized_path(,internal_rel,blog/money-work-worth/<?php echo htmlspecialchars(localized_path(,no,
blog/money-work-worth/content-fr.php,https://www.linkedin.com/feed/update/urn:li:activity:7343198494863622144/,external,feed/update/urn:li:activity:7343198494863622144/,n/a,
blog/money-work-worth/content-fr.php,https://www.linkedin.com/shareArticle?mini=true&url=<?php echo urlencode($canonicalUrl); ?>,external,shareArticle,n/a,
blog/money-work-worth/content-fr.php,/images/social/linkedin.svg,internal_root,images/social/linkedin.svg,yes,
blog/money-work-worth/content-fr.php,https://twitter.com/intent/tweet?url=<?php echo urlencode($canonicalUrl); ?>&text=<?php echo urlencode($pageTitle); ?>,external,intent/tweet,n/a,
blog/money-work-worth/content-fr.php,/images/social/twitter.svg,internal_root,images/social/twitter.svg,yes,
blog/money-work-worth/content-fr.php,https://www.facebook.com/sharer/sharer.php?u=<?php echo urlencode($canonicalUrl); ?>,external,sharer/sharer.php,n/a,
blog/money-work-worth/content-fr.php,/images/social/facebook.svg,internal_root,images/social/facebook.svg,yes,
blog/money-work-worth/content-fr.php,https://wa.me/?text=<?php echo urlencode($pageTitle .,external,,n/a,
blog/money-work-worth/content-fr.php,/images/social/whatsapp.svg,internal_root,images/social/whatsapp.svg,yes,
blog/money-work-worth/content-fr.php,<?php echo htmlspecialchars(localized_path(,internal_rel,blog/money-work-worth/<?php echo htmlspecialchars(localized_path(,no,
blog/money-work-worth/content-fr.php,<?php echo htmlspecialchars(localized_path(,internal_rel,blog/money-work-worth/<?php echo htmlspecialchars(localized_path(,no,
blog/money-work-worth/content-fr.php,<?php echo htmlspecialchars(localized_path(,internal_rel,blog/money-work-worth/<?php echo htmlspecialchars(localized_path(,no,
blog/money-work-worth/content-fr.php,<?php echo htmlspecialchars(localized_path(,internal_rel,blog/money-work-worth/<?php echo htmlspecialchars(localized_path(,no,
blog/money-work-worth/content-fr.php,<?php echo htmlspecialchars(localized_path(,internal_rel,blog/money-work-worth/<?php echo htmlspecialchars(localized_path(,no,
blog/money-work-worth/content-fr.php,<?php echo htmlspecialchars(localized_path(,internal_rel,blog/money-work-worth/<?php echo htmlspecialchars(localized_path(,no,
blog/money-work-worth/content-de.php,<?php echo htmlspecialchars(localized_path(,internal_rel,blog/money-work-worth/<?php echo htmlspecialchars(localized_path(,no,
blog/money-work-worth/content-de.php,<?php echo htmlspecialchars(localized_path(,internal_rel,blog/money-work-worth/<?php echo htmlspecialchars(localized_path(,no,
blog/money-work-worth/content-de.php,https://www.linkedin.com/feed/update/urn:li:activity:7343198494863622144/,external,feed/update/urn:li:activity:7343198494863622144/,n/a,
blog/money-work-worth/content-de.php,https://www.linkedin.com/shareArticle?mini=true&url=<?php echo urlencode($canonicalUrl); ?>,external,shareArticle,n/a,
blog/money-work-worth/content-de.php,/images/social/linkedin.svg,internal_root,images/social/linkedin.svg,yes,
blog/money-work-worth/content-de.php,https://twitter.com/intent/tweet?url=<?php echo urlencode($canonicalUrl); ?>&text=<?php echo urlencode($pageTitle); ?>,external,intent/tweet,n/a,
blog/money-work-worth/content-de.php,/images/social/twitter.svg,internal_root,images/social/twitter.svg,yes,
blog/money-work-worth/content-de.php,https://www.facebook.com/sharer/sharer.php?u=<?php echo urlencode($canonicalUrl); ?>,external,sharer/sharer.php,n/a,
blog/money-work-worth/content-de.php,/images/social/facebook.svg,internal_root,images/social/facebook.svg,yes,
blog/money-work-worth/content-de.php,https://wa.me/?text=<?php echo urlencode($pageTitle .,external,,n/a,
blog/money-work-worth/content-de.php,/images/social/whatsapp.svg,internal_root,images/social/whatsapp.svg,yes,
blog/money-work-worth/content-de.php,<?php echo htmlspecialchars(localized_path(,internal_rel,blog/money-work-worth/<?php echo htmlspecialchars(localized_path(,no,
blog/money-work-worth/content-de.php,<?php echo htmlspecialchars(localized_path(,internal_rel,blog/money-work-worth/<?php echo htmlspecialchars(localized_path(,no,
blog/money-work-worth/content-de.php,<?php echo htmlspecialchars(localized_path(,internal_rel,blog/money-work-worth/<?php echo htmlspecialchars(localized_path(,no,
blog/money-work-worth/content-de.php,<?php echo htmlspecialchars(localized_path(,internal_rel,blog/money-work-worth/<?php echo htmlspecialchars(localized_path(,no,
blog/money-work-worth/content-de.php,<?php echo htmlspecialchars(localized_path(,internal_rel,blog/money-work-worth/<?php echo htmlspecialchars(localized_path(,no,
blog/money-work-worth/content-de.php,<?php echo htmlspecialchars(localized_path(,internal_rel,blog/money-work-worth/<?php echo htmlspecialchars(localized_path(,no,
blog/money-work-worth/index.php,<?php echo htmlspecialchars($canonicalUrl); ?>,internal_rel,blog/money-work-worth/<?php echo htmlspecialchars($canonicalUrl); ?>,no,
blog/money-work-worth/index.php,/images/favicon.ico,internal_root,images/favicon.ico,yes,
blog/money-work-worth/index.php,/images/connect-icons/apple-touch-icon.png,internal_root,images/connect-icons/apple-touch-icon.png,yes,
blog/money-work-worth/index.php,/css/mydropintheoceans-style.css?v=<?php echo time(); ?>,internal_root,css/mydropintheoceans-style.css?v=<?php echo time(); ?>,no,
blog/money-work-worth/index.php,https://ajax.googleapis.com/ajax/libs/jquery/3.7.0/jquery.min.js?v=20260203,external,ajax/libs/jquery/3.7.0/jquery.min.js,n/a,
blog/nature-is-not-a-charity/index.php,<?php echo htmlspecialchars($canonicalUrl); ?>,internal_rel,blog/nature-is-not-a-charity/<?php echo htmlspecialchars($canonicalUrl); ?>,no,
blog/nature-is-not-a-charity/index.php,<?php echo htmlspecialchars($alternateEnUrl); ?>,internal_rel,blog/nature-is-not-a-charity/<?php echo htmlspecialchars($alternateEnUrl); ?>,no,
blog/nature-is-not-a-charity/index.php,<?php echo htmlspecialchars($alternateFrUrl); ?>,internal_rel,blog/nature-is-not-a-charity/<?php echo htmlspecialchars($alternateFrUrl); ?>,no,
blog/nature-is-not-a-charity/index.php,<?php echo htmlspecialchars($alternateDeUrl); ?>,internal_rel,blog/nature-is-not-a-charity/<?php echo htmlspecialchars($alternateDeUrl); ?>,no,
blog/nature-is-not-a-charity/index.php,<?php echo htmlspecialchars($xDefaultUrl); ?>,internal_rel,blog/nature-is-not-a-charity/<?php echo htmlspecialchars($xDefaultUrl); ?>,no,
blog/nature-is-not-a-charity/index.php,/images/favicon.ico,internal_root,images/favicon.ico,yes,
blog/nature-is-not-a-charity/index.php,/images/connect-icons/apple-touch-icon.png,internal_root,images/connect-icons/apple-touch-icon.png,yes,
blog/nature-is-not-a-charity/index.php,/css/mydropintheoceans-style.css?v=<?php echo time(); ?>,internal_root,css/mydropintheoceans-style.css?v=<?php echo time(); ?>,no,
blog/nature-is-not-a-charity/index.php,https://ajax.googleapis.com/ajax/libs/jquery/3.7.0/jquery.min.js?v=20260203,external,ajax/libs/jquery/3.7.0/jquery.min.js,n/a,
blog/nature-is-not-a-charity/content-fr.php,https://mydio.com,external,,n/a,
blog/nature-is-not-a-charity/content-fr.php,https://www.linkedin.com/posts/mydiocom_mydiocom-activity-7291447501079937025-vpXU/,external,posts/mydiocom_mydiocom-activity-7291447501079937025-vpXU/,n/a,
blog/nature-is-not-a-charity/content-fr.php,<?php echo htmlspecialchars(localized_path(,internal_rel,blog/nature-is-not-a-charity/<?php echo htmlspecialchars(localized_path(,no,
blog/nature-is-not-a-charity/content-fr.php,<?php echo htmlspecialchars(localized_path(,internal_rel,blog/nature-is-not-a-charity/<?php echo htmlspecialchars(localized_path(,no,
blog/nature-is-not-a-charity/content-fr.php,<?php echo htmlspecialchars(localized_path(,internal_rel,blog/nature-is-not-a-charity/<?php echo htmlspecialchars(localized_path(,no,
blog/nature-is-not-a-charity/content-fr.php,<?php echo htmlspecialchars(localized_path(,internal_rel,blog/nature-is-not-a-charity/<?php echo htmlspecialchars(localized_path(,no,
blog/nature-is-not-a-charity/content-fr.php,<?php echo htmlspecialchars(localized_path(,internal_rel,blog/nature-is-not-a-charity/<?php echo htmlspecialchars(localized_path(,no,
blog/nature-is-not-a-charity/content-fr.php,https://www.linkedin.com/shareArticle?mini=true&url=<?php echo urlencode($canonicalUrl); ?>,external,shareArticle,n/a,
blog/nature-is-not-a-charity/content-fr.php,/images/social/linkedin.svg,internal_root,images/social/linkedin.svg,yes,
blog/nature-is-not-a-charity/content-fr.php,https://twitter.com/intent/tweet?url=<?php echo urlencode($canonicalUrl); ?>&text=<?php echo urlencode($pageTitle); ?>,external,intent/tweet,n/a,
blog/nature-is-not-a-charity/content-fr.php,/images/social/twitter.svg,internal_root,images/social/twitter.svg,yes,
blog/nature-is-not-a-charity/content-fr.php,https://www.facebook.com/sharer/sharer.php?u=<?php echo urlencode($canonicalUrl); ?>,external,sharer/sharer.php,n/a,
blog/nature-is-not-a-charity/content-fr.php,/images/social/facebook.svg,internal_root,images/social/facebook.svg,yes,
blog/nature-is-not-a-charity/content-fr.php,https://wa.me/?text=<?php echo urlencode($pageTitle .,external,,n/a,
blog/nature-is-not-a-charity/content-fr.php,/images/social/whatsapp.svg,internal_root,images/social/whatsapp.svg,yes,
blog/nature-is-not-a-charity/content-en.php,https://mydio.com,external,,n/a,
blog/nature-is-not-a-charity/content-en.php,https://www.linkedin.com/posts/mydiocom_mydiocom-activity-7291447501079937025-vpXU/,external,posts/mydiocom_mydiocom-activity-7291447501079937025-vpXU/,n/a,
blog/nature-is-not-a-charity/content-en.php,<?php echo htmlspecialchars(localized_path(,internal_rel,blog/nature-is-not-a-charity/<?php echo htmlspecialchars(localized_path(,no,
blog/nature-is-not-a-charity/content-en.php,<?php echo htmlspecialchars(localized_path(,internal_rel,blog/nature-is-not-a-charity/<?php echo htmlspecialchars(localized_path(,no,
blog/nature-is-not-a-charity/content-en.php,<?php echo htmlspecialchars(localized_path(,internal_rel,blog/nature-is-not-a-charity/<?php echo htmlspecialchars(localized_path(,no,
blog/nature-is-not-a-charity/content-en.php,<?php echo htmlspecialchars(localized_path(,internal_rel,blog/nature-is-not-a-charity/<?php echo htmlspecialchars(localized_path(,no,
blog/nature-is-not-a-charity/content-en.php,<?php echo htmlspecialchars(localized_path(,internal_rel,blog/nature-is-not-a-charity/<?php echo htmlspecialchars(localized_path(,no,
blog/nature-is-not-a-charity/content-en.php,<?php echo htmlspecialchars(localized_path(,internal_rel,blog/nature-is-not-a-charity/<?php echo htmlspecialchars(localized_path(,no,
blog/nature-is-not-a-charity/content-en.php,<?php echo htmlspecialchars(localized_path(,internal_rel,blog/nature-is-not-a-charity/<?php echo htmlspecialchars(localized_path(,no,
blog/nature-is-not-a-charity/content-en.php,<?php echo htmlspecialchars(localized_path(,internal_rel,blog/nature-is-not-a-charity/<?php echo htmlspecialchars(localized_path(,no,
blog/nature-is-not-a-charity/content-en.php,https://www.linkedin.com/shareArticle?mini=true&url=<?php echo urlencode($canonicalUrl); ?>,external,shareArticle,n/a,
blog/nature-is-not-a-charity/content-en.php,/images/social/linkedin.svg,internal_root,images/social/linkedin.svg,yes,
blog/nature-is-not-a-charity/content-en.php,https://twitter.com/intent/tweet?url=<?php echo urlencode($canonicalUrl); ?>&text=<?php echo urlencode($pageTitle); ?>,external,intent/tweet,n/a,
blog/nature-is-not-a-charity/content-en.php,/images/social/twitter.svg,internal_root,images/social/twitter.svg,yes,
blog/nature-is-not-a-charity/content-en.php,https://www.facebook.com/sharer/sharer.php?u=<?php echo urlencode($canonicalUrl); ?>,external,sharer/sharer.php,n/a,
blog/nature-is-not-a-charity/content-en.php,/images/social/facebook.svg,internal_root,images/social/facebook.svg,yes,
blog/nature-is-not-a-charity/content-en.php,https://wa.me/?text=<?php echo urlencode($pageTitle .,external,,n/a,
blog/nature-is-not-a-charity/content-en.php,/images/social/whatsapp.svg,internal_root,images/social/whatsapp.svg,yes,
blog/nature-is-not-a-charity/content-de.php,https://mydio.com,external,,n/a,
blog/nature-is-not-a-charity/content-de.php,https://www.linkedin.com/posts/mydiocom_mydiocom-activity-7291447501079937025-vpXU/,external,posts/mydiocom_mydiocom-activity-7291447501079937025-vpXU/,n/a,
blog/nature-is-not-a-charity/content-de.php,<?php echo htmlspecialchars(localized_path(,internal_rel,blog/nature-is-not-a-charity/<?php echo htmlspecialchars(localized_path(,no,
blog/nature-is-not-a-charity/content-de.php,<?php echo htmlspecialchars(localized_path(,internal_rel,blog/nature-is-not-a-charity/<?php echo htmlspecialchars(localized_path(,no,
blog/nature-is-not-a-charity/content-de.php,<?php echo htmlspecialchars(localized_path(,internal_rel,blog/nature-is-not-a-charity/<?php echo htmlspecialchars(localized_path(,no,
blog/nature-is-not-a-charity/content-de.php,<?php echo htmlspecialchars(localized_path(,internal_rel,blog/nature-is-not-a-charity/<?php echo htmlspecialchars(localized_path(,no,
blog/nature-is-not-a-charity/content-de.php,<?php echo htmlspecialchars(localized_path(,internal_rel,blog/nature-is-not-a-charity/<?php echo htmlspecialchars(localized_path(,no,
blog/nature-is-not-a-charity/content-de.php,https://www.linkedin.com/shareArticle?mini=true&url=<?php echo urlencode($canonicalUrl); ?>,external,shareArticle,n/a,
blog/nature-is-not-a-charity/content-de.php,/images/social/linkedin.svg,internal_root,images/social/linkedin.svg,yes,
blog/nature-is-not-a-charity/content-de.php,https://twitter.com/intent/tweet?url=<?php echo urlencode($canonicalUrl); ?>&text=<?php echo urlencode($pageTitle); ?>,external,intent/tweet,n/a,
blog/nature-is-not-a-charity/content-de.php,/images/social/twitter.svg,internal_root,images/social/twitter.svg,yes,
blog/nature-is-not-a-charity/content-de.php,https://www.facebook.com/sharer/sharer.php?u=<?php echo urlencode($canonicalUrl); ?>,external,sharer/sharer.php,n/a,
blog/nature-is-not-a-charity/content-de.php,/images/social/facebook.svg,internal_root,images/social/facebook.svg,yes,
blog/nature-is-not-a-charity/content-de.php,https://wa.me/?text=<?php echo urlencode($pageTitle .,external,,n/a,
blog/nature-is-not-a-charity/content-de.php,/images/social/whatsapp.svg,internal_root,images/social/whatsapp.svg,yes,
blog/what-if-stewardship-was-financially-recognised/index.php,"<?php echo htmlspecialchars($canonicalUrl, ENT_QUOTES,",internal_rel,"blog/what-if-stewardship-was-financially-recognised/<?php echo htmlspecialchars($canonicalUrl, ENT_QUOTES,",no,
blog/what-if-stewardship-was-financially-recognised/index.php,/images/favicon.ico,internal_root,images/favicon.ico,yes,
blog/what-if-stewardship-was-financially-recognised/index.php,/images/connect-icons/apple-touch-icon.png,internal_root,images/connect-icons/apple-touch-icon.png,yes,
blog/what-if-stewardship-was-financially-recognised/index.php,/css/mydropintheoceans-style.css?v=<?php echo time(); ?>,internal_root,css/mydropintheoceans-style.css?v=<?php echo time(); ?>,no,
blog/what-if-stewardship-was-financially-recognised/index.php,https://ajax.googleapis.com/ajax/libs/jquery/3.7.0/jquery.min.js?v=20260203,external,ajax/libs/jquery/3.7.0/jquery.min.js,n/a,
blog/what-if-stewardship-was-financially-recognised/content-en.php,/blog/why-the-swiss-said-no-to-free-money/,internal_root,blog/why-the-swiss-said-no-to-free-money/,yes,
blog/what-if-stewardship-was-financially-recognised/content-en.php,/blog/money-work-worth/,internal_root,blog/money-work-worth/,yes,
blog/what-if-stewardship-was-financially-recognised/content-en.php,/blog/make-money-first-then-think-of-nature/,internal_root,blog/make-money-first-then-think-of-nature/,yes,
blog/what-if-stewardship-was-financially-recognised/content-en.php,/blog/nature-is-not-a-charity/,internal_root,blog/nature-is-not-a-charity/,yes,
blog/what-if-stewardship-was-financially-recognised/content-en.php,/theory-of-change/,internal_root,theory-of-change/,yes,
blog/what-if-stewardship-was-financially-recognised/content-en.php,/blog/nature-is-not-a-charity/,internal_root,blog/nature-is-not-a-charity/,yes,
blog/what-if-stewardship-was-financially-recognised/content-en.php,/theory-of-change/,internal_root,theory-of-change/,yes,
blog/what-if-stewardship-was-financially-recognised/content-en.php,https://www.linkedin.com/posts/my-drop-in-the-oceans_mydiocom-activity-7346447706191540224-N-75/,external,posts/my-drop-in-the-oceans_mydiocom-activity-7346447706191540224-N-75/,n/a,
blog/what-if-stewardship-was-financially-recognised/content-en.php,https://www.linkedin.com/shareArticle?mini=true&url=https://mydropintheoceans.org/blog/what-if-stewardship-was-financially-recognised/,external,shareArticle,n/a,
blog/what-if-stewardship-was-financially-recognised/content-en.php,/images/social/linkedin.svg,internal_root,images/social/linkedin.svg,yes,
blog/what-if-stewardship-was-financially-recognised/content-en.php,https://twitter.com/intent/tweet?url=https://mydropintheoceans.org/blog/what-if-stewardship-was-financially-recognised/&text=What%20if%20Stewardship%20Was%20Financially%20Recognised%3F,external,intent/tweet,n/a,
blog/what-if-stewardship-was-financially-recognised/content-en.php,/images/social/twitter.svg,internal_root,images/social/twitter.svg,yes,
blog/what-if-stewardship-was-financially-recognised/content-en.php,https://www.facebook.com/sharer/sharer.php?u=https://mydropintheoceans.org/blog/what-if-stewardship-was-financially-recognised/,external,sharer/sharer.php,n/a,
blog/what-if-stewardship-was-financially-recognised/content-en.php,/images/social/facebook.svg,internal_root,images/social/facebook.svg,yes,
blog/what-if-stewardship-was-financially-recognised/content-en.php,https://wa.me/?text=What%20if%20Stewardship%20Was%20Financially%20Recognised%3F%20https://mydropintheoceans.org/blog/what-if-stewardship-was-financially-recognised/,external,,n/a,
blog/what-if-stewardship-was-financially-recognised/content-en.php,/images/social/whatsapp.svg,internal_root,images/social/whatsapp.svg,yes,
blog/what-if-stewardship-was-financially-recognised/content-fr.php,/blog/why-the-swiss-said-no-to-free-money/,internal_root,blog/why-the-swiss-said-no-to-free-money/,yes,
blog/what-if-stewardship-was-financially-recognised/content-fr.php,/blog/money-work-worth/,internal_root,blog/money-work-worth/,yes,
blog/what-if-stewardship-was-financially-recognised/content-fr.php,/theory-of-change/,internal_root,theory-of-change/,yes,
blog/what-if-stewardship-was-financially-recognised/content-fr.php,/blog/nature-is-not-a-charity/,internal_root,blog/nature-is-not-a-charity/,yes,
blog/what-if-stewardship-was-financially-recognised/content-fr.php,/theory-of-change/,internal_root,theory-of-change/,yes,
blog/what-if-stewardship-was-financially-recognised/content-fr.php,https://www.linkedin.com/posts/my-drop-in-the-oceans_mydiocom-activity-7346447706191540224-N-75/,external,posts/my-drop-in-the-oceans_mydiocom-activity-7346447706191540224-N-75/,n/a,
blog/what-if-stewardship-was-financially-recognised/content-fr.php,https://www.linkedin.com/shareArticle?mini=true&url=https://mydropintheoceans.org/blog/what-if-stewardship-was-financially-recognised/,external,shareArticle,n/a,
blog/what-if-stewardship-was-financially-recognised/content-fr.php,/images/social/linkedin.svg,internal_root,images/social/linkedin.svg,yes,
blog/what-if-stewardship-was-financially-recognised/content-fr.php,https://twitter.com/intent/tweet?url=https://mydropintheoceans.org/blog/what-if-stewardship-was-financially-recognised/&text=Et%20si%20la%20stewardship%20%C3%A9tait%20reconnue%20financi%C3%A8rement%20%3F,external,intent/tweet,n/a,
blog/what-if-stewardship-was-financially-recognised/content-fr.php,/images/social/twitter.svg,internal_root,images/social/twitter.svg,yes,
blog/what-if-stewardship-was-financially-recognised/content-fr.php,https://www.facebook.com/sharer/sharer.php?u=https://mydropintheoceans.org/blog/what-if-stewardship-was-financially-recognised/,external,sharer/sharer.php,n/a,
blog/what-if-stewardship-was-financially-recognised/content-fr.php,/images/social/facebook.svg,internal_root,images/social/facebook.svg,yes,
blog/what-if-stewardship-was-financially-recognised/content-fr.php,https://wa.me/?text=Et%20si%20la%20stewardship%20%C3%A9tait%20reconnue%20financi%C3%A8rement%20%3F%20https://mydropintheoceans.org/blog/what-if-stewardship-was-financially-recognised/,external,,n/a,
blog/what-if-stewardship-was-financially-recognised/content-fr.php,/images/social/whatsapp.svg,internal_root,images/social/whatsapp.svg,yes,
blog/what-if-stewardship-was-financially-recognised/content-de.php,/blog/why-the-swiss-said-no-to-free-money/,internal_root,blog/why-the-swiss-said-no-to-free-money/,yes,
blog/what-if-stewardship-was-financially-recognised/content-de.php,/blog/money-work-worth/,internal_root,blog/money-work-worth/,yes,
blog/what-if-stewardship-was-financially-recognised/content-de.php,/theory-of-change/,internal_root,theory-of-change/,yes,
blog/what-if-stewardship-was-financially-recognised/content-de.php,/blog/nature-is-not-a-charity/,internal_root,blog/nature-is-not-a-charity/,yes,
blog/what-if-stewardship-was-financially-recognised/content-de.php,/theory-of-change/,internal_root,theory-of-change/,yes,
blog/what-if-stewardship-was-financially-recognised/content-de.php,https://www.linkedin.com/posts/my-drop-in-the-oceans_mydiocom-activity-7346447706191540224-N-75/,external,posts/my-drop-in-the-oceans_mydiocom-activity-7346447706191540224-N-75/,n/a,
blog/what-if-stewardship-was-financially-recognised/content-de.php,https://www.linkedin.com/shareArticle?mini=true&url=https://mydropintheoceans.org/blog/what-if-stewardship-was-financially-recognised/,external,shareArticle,n/a,
blog/what-if-stewardship-was-financially-recognised/content-de.php,/images/social/linkedin.svg,internal_root,images/social/linkedin.svg,yes,
blog/what-if-stewardship-was-financially-recognised/content-de.php,https://twitter.com/intent/tweet?url=https://mydropintheoceans.org/blog/what-if-stewardship-was-financially-recognised/&text=Was%20w%C3%A4re%2C%20wenn%20F%C3%BCrsorge%20finanziell%20anerkannt%20w%C3%BCrde%3F,external,intent/tweet,n/a,
blog/what-if-stewardship-was-financially-recognised/content-de.php,/images/social/twitter.svg,internal_root,images/social/twitter.svg,yes,
blog/what-if-stewardship-was-financially-recognised/content-de.php,https://www.facebook.com/sharer/sharer.php?u=https://mydropintheoceans.org/blog/what-if-stewardship-was-financially-recognised/,external,sharer/sharer.php,n/a,
blog/what-if-stewardship-was-financially-recognised/content-de.php,/images/social/facebook.svg,internal_root,images/social/facebook.svg,yes,
blog/what-if-stewardship-was-financially-recognised/content-de.php,https://wa.me/?text=Was%20w%C3%A4re%2C%20wenn%20F%C3%BCrsorge%20finanziell%20anerkannt%20w%C3%BCrde%3F%20https://mydropintheoceans.org/blog/what-if-stewardship-was-financially-recognised/,external,,n/a,
blog/what-if-stewardship-was-financially-recognised/content-de.php,/images/social/whatsapp.svg,internal_root,images/social/whatsapp.svg,yes,
blog/why-the-swiss-said-no-to-free-money/index.php,"<?php echo htmlspecialchars($canonicalUrl, ENT_QUOTES,",internal_rel,"blog/why-the-swiss-said-no-to-free-money/<?php echo htmlspecialchars($canonicalUrl, ENT_QUOTES,",no,
blog/why-the-swiss-said-no-to-free-money/index.php,/images/favicon.ico,internal_root,images/favicon.ico,yes,
blog/why-the-swiss-said-no-to-free-money/index.php,/images/connect-icons/apple-touch-icon.png,internal_root,images/connect-icons/apple-touch-icon.png,yes,
blog/why-the-swiss-said-no-to-free-money/index.php,/css/mydropintheoceans-style.css?v=<?php echo time(); ?>,internal_root,css/mydropintheoceans-style.css?v=<?php echo time(); ?>,no,
blog/why-the-swiss-said-no-to-free-money/index.php,https://ajax.googleapis.com/ajax/libs/jquery/3.7.0/jquery.min.js?v=<?php echo date(,external,ajax/libs/jquery/3.7.0/jquery.min.js,n/a,
blog/why-the-swiss-said-no-to-free-money/index.php,/blog/money-work-worth/,internal_root,blog/money-work-worth/,yes,
blog/why-the-swiss-said-no-to-free-money/index.php,/theory-of-change/,internal_root,theory-of-change/,yes,
blog/why-the-swiss-said-no-to-free-money/index.php,https://www.linkedin.com/shareArticle?mini=true&url=https://mydropintheoceans.org/blog/why-the-swiss-said-no-to-free-money/,external,shareArticle,n/a,
blog/why-the-swiss-said-no-to-free-money/index.php,/images/social/linkedin.svg,internal_root,images/social/linkedin.svg,yes,
blog/why-the-swiss-said-no-to-free-money/index.php,https://twitter.com/intent/tweet?url=https://mydropintheoceans.org/blog/why-the-swiss-said-no-to-free-money/&text=<?php echo urlencode($pageTitle ??,external,intent/tweet,n/a,
blog/why-the-swiss-said-no-to-free-money/index.php,/images/social/twitter.svg,internal_root,images/social/twitter.svg,yes,
blog/why-the-swiss-said-no-to-free-money/index.php,https://www.facebook.com/sharer/sharer.php?u=https://mydropintheoceans.org/blog/why-the-swiss-said-no-to-free-money/,external,sharer/sharer.php,n/a,
blog/why-the-swiss-said-no-to-free-money/index.php,/images/social/facebook.svg,internal_root,images/social/facebook.svg,yes,
blog/why-the-swiss-said-no-to-free-money/index.php,https://wa.me/?text=<?php echo urlencode(($pageTitle ??,external,,n/a,
blog/why-the-swiss-said-no-to-free-money/index.php,/images/social/whatsapp.svg,internal_root,images/social/whatsapp.svg,yes,
blog/why-the-swiss-said-no-to-free-money/index.php,/theory-of-change/,internal_root,theory-of-change/,yes,
blog/why-the-swiss-said-no-to-free-money/index.php,/blog/nature-is-not-a-charity/,internal_root,blog/nature-is-not-a-charity/,yes,
blog/why-the-swiss-said-no-to-free-money/index.php,/contact/,internal_root,contact/,yes,
blog/why-the-swiss-said-no-to-free-money/index.php,/theory-of-change/,internal_root,theory-of-change/,yes,
blog/why-the-swiss-said-no-to-free-money/index.php,/blog/,internal_root,blog/,yes,
blog/why-the-swiss-said-no-to-free-money/index.php,/privacy/,internal_root,privacy/,yes,
blog/why-the-swiss-said-no-to-free-money/content-de.php,<?php echo localized_url(,internal_rel,blog/why-the-swiss-said-no-to-free-money/<?php echo localized_url(,no,
blog/why-the-swiss-said-no-to-free-money/content-de.php,<?php echo localized_url(,internal_rel,blog/why-the-swiss-said-no-to-free-money/<?php echo localized_url(,no,
blog/why-the-swiss-said-no-to-free-money/content-de.php,https://www.linkedin.com/shareArticle?mini=true&url=<?php echo urlencode($canonicalUrl); ?>,external,shareArticle,n/a,
blog/why-the-swiss-said-no-to-free-money/content-de.php,/images/social/linkedin.svg,internal_root,images/social/linkedin.svg,yes,
blog/why-the-swiss-said-no-to-free-money/content-de.php,https://twitter.com/intent/tweet?url=<?php echo urlencode($canonicalUrl); ?>&text=Warum%20die%20Schweiz%20Nein%20zu%20kostenlosem%20Geld%20sagte,external,intent/tweet,n/a,
blog/why-the-swiss-said-no-to-free-money/content-de.php,/images/social/twitter.svg,internal_root,images/social/twitter.svg,yes,
blog/why-the-swiss-said-no-to-free-money/content-de.php,https://www.facebook.com/sharer/sharer.php?u=<?php echo urlencode($canonicalUrl); ?>,external,sharer/sharer.php,n/a,
blog/why-the-swiss-said-no-to-free-money/content-de.php,/images/social/facebook.svg,internal_root,images/social/facebook.svg,yes,
blog/why-the-swiss-said-no-to-free-money/content-de.php,https://wa.me/?text=Warum%20die%20Schweiz%20Nein%20zu%20kostenlosem%20Geld%20sagte%20<?php echo urlencode($canonicalUrl); ?>,external,,n/a,
blog/why-the-swiss-said-no-to-free-money/content-de.php,/images/social/whatsapp.svg,internal_root,images/social/whatsapp.svg,yes,
blog/why-the-swiss-said-no-to-free-money/content-de.php,<?php echo localized_url(,internal_rel,blog/why-the-swiss-said-no-to-free-money/<?php echo localized_url(,no,
blog/why-the-swiss-said-no-to-free-money/content-de.php,<?php echo localized_url(,internal_rel,blog/why-the-swiss-said-no-to-free-money/<?php echo localized_url(,no,
blog/why-the-swiss-said-no-to-free-money/content-de.php,<?php echo localized_url(,internal_rel,blog/why-the-swiss-said-no-to-free-money/<?php echo localized_url(,no,
blog/why-the-swiss-said-no-to-free-money/content-de.php,<?php echo localized_url(,internal_rel,blog/why-the-swiss-said-no-to-free-money/<?php echo localized_url(,no,
blog/why-the-swiss-said-no-to-free-money/content-de.php,<?php echo localized_url(,internal_rel,blog/why-the-swiss-said-no-to-free-money/<?php echo localized_url(,no,
blog/why-the-swiss-said-no-to-free-money/content-de.php,<?php echo localized_url(,internal_rel,blog/why-the-swiss-said-no-to-free-money/<?php echo localized_url(,no,
blog/why-the-swiss-said-no-to-free-money/content-en.php,<?php echo localized_url(,internal_rel,blog/why-the-swiss-said-no-to-free-money/<?php echo localized_url(,no,
blog/why-the-swiss-said-no-to-free-money/content-en.php,<?php echo localized_url(,internal_rel,blog/why-the-swiss-said-no-to-free-money/<?php echo localized_url(,no,
blog/why-the-swiss-said-no-to-free-money/content-en.php,https://www.linkedin.com/shareArticle?mini=true&url=<?php echo urlencode($canonicalUrl); ?>,external,shareArticle,n/a,
blog/why-the-swiss-said-no-to-free-money/content-en.php,/images/social/linkedin.svg,internal_root,images/social/linkedin.svg,yes,
blog/why-the-swiss-said-no-to-free-money/content-en.php,https://twitter.com/intent/tweet?url=<?php echo urlencode($canonicalUrl); ?>&text=Why%20the%20Swiss%20Said%20No%20to%20Free%20Money,external,intent/tweet,n/a,
blog/why-the-swiss-said-no-to-free-money/content-en.php,/images/social/twitter.svg,internal_root,images/social/twitter.svg,yes,
blog/why-the-swiss-said-no-to-free-money/content-en.php,https://www.facebook.com/sharer/sharer.php?u=<?php echo urlencode($canonicalUrl); ?>,external,sharer/sharer.php,n/a,
blog/why-the-swiss-said-no-to-free-money/content-en.php,/images/social/facebook.svg,internal_root,images/social/facebook.svg,yes,
blog/why-the-swiss-said-no-to-free-money/content-en.php,https://wa.me/?text=Why%20the%20Swiss%20Said%20No%20to%20Free%20Money%20<?php echo urlencode($canonicalUrl); ?>,external,,n/a,
blog/why-the-swiss-said-no-to-free-money/content-en.php,/images/social/whatsapp.svg,internal_root,images/social/whatsapp.svg,yes,
blog/why-the-swiss-said-no-to-free-money/content-en.php,<?php echo localized_url(,internal_rel,blog/why-the-swiss-said-no-to-free-money/<?php echo localized_url(,no,
blog/why-the-swiss-said-no-to-free-money/content-en.php,<?php echo localized_url(,internal_rel,blog/why-the-swiss-said-no-to-free-money/<?php echo localized_url(,no,
blog/why-the-swiss-said-no-to-free-money/content-en.php,<?php echo localized_url(,internal_rel,blog/why-the-swiss-said-no-to-free-money/<?php echo localized_url(,no,
blog/why-the-swiss-said-no-to-free-money/content-en.php,<?php echo localized_url(,internal_rel,blog/why-the-swiss-said-no-to-free-money/<?php echo localized_url(,no,
blog/why-the-swiss-said-no-to-free-money/content-en.php,<?php echo localized_url(,internal_rel,blog/why-the-swiss-said-no-to-free-money/<?php echo localized_url(,no,
blog/why-the-swiss-said-no-to-free-money/content-en.php,<?php echo localized_url(,internal_rel,blog/why-the-swiss-said-no-to-free-money/<?php echo localized_url(,no,
blog/why-the-swiss-said-no-to-free-money/content-en.php,<?php echo localized_url(,internal_rel,blog/why-the-swiss-said-no-to-free-money/<?php echo localized_url(,no,
blog/why-the-swiss-said-no-to-free-money/content-en.php,<?php echo localized_url(,internal_rel,blog/why-the-swiss-said-no-to-free-money/<?php echo localized_url(,no,
blog/why-the-swiss-said-no-to-free-money/content-fr.php,<?php echo localized_url(,internal_rel,blog/why-the-swiss-said-no-to-free-money/<?php echo localized_url(,no,
blog/why-the-swiss-said-no-to-free-money/content-fr.php,<?php echo localized_url(,internal_rel,blog/why-the-swiss-said-no-to-free-money/<?php echo localized_url(,no,
blog/why-the-swiss-said-no-to-free-money/content-fr.php,https://www.linkedin.com/shareArticle?mini=true&url=<?php echo urlencode($canonicalUrl); ?>,external,shareArticle,n/a,
blog/why-the-swiss-said-no-to-free-money/content-fr.php,/images/social/linkedin.svg,internal_root,images/social/linkedin.svg,yes,
blog/why-the-swiss-said-no-to-free-money/content-fr.php,https://twitter.com/intent/tweet?url=<?php echo urlencode($canonicalUrl); ?>&text=Pourquoi%20la%20Suisse%20a%20dit%20non%20%C3%A0%20l%27argent%20gratuit,external,intent/tweet,n/a,
blog/why-the-swiss-said-no-to-free-money/content-fr.php,/images/social/twitter.svg,internal_root,images/social/twitter.svg,yes,
blog/why-the-swiss-said-no-to-free-money/content-fr.php,https://www.facebook.com/sharer/sharer.php?u=<?php echo urlencode($canonicalUrl); ?>,external,sharer/sharer.php,n/a,
blog/why-the-swiss-said-no-to-free-money/content-fr.php,/images/social/facebook.svg,internal_root,images/social/facebook.svg,yes,
blog/why-the-swiss-said-no-to-free-money/content-fr.php,https://wa.me/?text=Pourquoi%20la%20Suisse%20a%20dit%20non%20%C3%A0%20l%27argent%20gratuit%20<?php echo urlencode($canonicalUrl); ?>,external,,n/a,
blog/why-the-swiss-said-no-to-free-money/content-fr.php,/images/social/whatsapp.svg,internal_root,images/social/whatsapp.svg,yes,
blog/why-the-swiss-said-no-to-free-money/content-fr.php,<?php echo localized_url(,internal_rel,blog/why-the-swiss-said-no-to-free-money/<?php echo localized_url(,no,
blog/why-the-swiss-said-no-to-free-money/content-fr.php,<?php echo localized_url(,internal_rel,blog/why-the-swiss-said-no-to-free-money/<?php echo localized_url(,no,
blog/why-the-swiss-said-no-to-free-money/content-fr.php,<?php echo localized_url(,internal_rel,blog/why-the-swiss-said-no-to-free-money/<?php echo localized_url(,no,
blog/why-the-swiss-said-no-to-free-money/content-fr.php,<?php echo localized_url(,internal_rel,blog/why-the-swiss-said-no-to-free-money/<?php echo localized_url(,no,
blog/why-the-swiss-said-no-to-free-money/content-fr.php,<?php echo localized_url(,internal_rel,blog/why-the-swiss-said-no-to-free-money/<?php echo localized_url(,no,
blog/why-the-swiss-said-no-to-free-money/content-fr.php,<?php echo localized_url(,internal_rel,blog/why-the-swiss-said-no-to-free-money/<?php echo localized_url(,no,
blog/make-money-first-then-think-of-nature/index.php,<?php echo htmlspecialchars($canonicalUrl); ?>,internal_rel,blog/make-money-first-then-think-of-nature/<?php echo htmlspecialchars($canonicalUrl); ?>,no,
blog/make-money-first-then-think-of-nature/index.php,"<?php echo htmlspecialchars(localized_url($articlePath,",internal_rel,"blog/make-money-first-then-think-of-nature/<?php echo htmlspecialchars(localized_url($articlePath,",no,
blog/make-money-first-then-think-of-nature/index.php,"<?php echo htmlspecialchars(localized_url($articlePath,",internal_rel,"blog/make-money-first-then-think-of-nature/<?php echo htmlspecialchars(localized_url($articlePath,",no,
blog/make-money-first-then-think-of-nature/index.php,"<?php echo htmlspecialchars(localized_url($articlePath,",internal_rel,"blog/make-money-first-then-think-of-nature/<?php echo htmlspecialchars(localized_url($articlePath,",no,
blog/make-money-first-then-think-of-nature/index.php,"<?php echo htmlspecialchars(localized_url($articlePath,",internal_rel,"blog/make-money-first-then-think-of-nature/<?php echo htmlspecialchars(localized_url($articlePath,",no,
blog/make-money-first-then-think-of-nature/index.php,/images/favicon.ico,internal_root,images/favicon.ico,yes,
blog/make-money-first-then-think-of-nature/index.php,/images/connect-icons/apple-touch-icon.png,internal_root,images/connect-icons/apple-touch-icon.png,yes,
blog/make-money-first-then-think-of-nature/index.php,/css/mydropintheoceans-style.css?v=<?php echo time(); ?>,internal_root,css/mydropintheoceans-style.css?v=<?php echo time(); ?>,no,
blog/make-money-first-then-think-of-nature/index.php,https://ajax.googleapis.com/ajax/libs/jquery/3.7.0/jquery.min.js?v=<?php echo date(,external,ajax/libs/jquery/3.7.0/jquery.min.js,n/a,
blog/make-money-first-then-think-of-nature/content-fr.php,https://www.linkedin.com/shareArticle?mini=true&url=<?php echo urlencode($canonicalUrl); ?>,external,shareArticle,n/a,
blog/make-money-first-then-think-of-nature/content-fr.php,/images/social/linkedin.svg,internal_root,images/social/linkedin.svg,yes,
blog/make-money-first-then-think-of-nature/content-fr.php,https://twitter.com/intent/tweet?url=<?php echo urlencode($canonicalUrl); ?>&text=<?php echo urlencode($pageTitle); ?>,external,intent/tweet,n/a,
blog/make-money-first-then-think-of-nature/content-fr.php,/images/social/twitter.svg,internal_root,images/social/twitter.svg,yes,
blog/make-money-first-then-think-of-nature/content-fr.php,https://www.facebook.com/sharer/sharer.php?u=<?php echo urlencode($canonicalUrl); ?>,external,sharer/sharer.php,n/a,
blog/make-money-first-then-think-of-nature/content-fr.php,/images/social/facebook.svg,internal_root,images/social/facebook.svg,yes,
blog/make-money-first-then-think-of-nature/content-fr.php,https://wa.me/?text=<?php echo urlencode($pageTitle .,external,,n/a,
blog/make-money-first-then-think-of-nature/content-fr.php,/images/social/whatsapp.svg,internal_root,images/social/whatsapp.svg,yes,
blog/make-money-first-then-think-of-nature/content-fr.php,<?php echo htmlspecialchars(localized_path(,internal_rel,blog/make-money-first-then-think-of-nature/<?php echo htmlspecialchars(localized_path(,no,
blog/make-money-first-then-think-of-nature/content-fr.php,<?php echo htmlspecialchars(localized_path(,internal_rel,blog/make-money-first-then-think-of-nature/<?php echo htmlspecialchars(localized_path(,no,
blog/make-money-first-then-think-of-nature/content-fr.php,<?php echo htmlspecialchars(localized_path(,internal_rel,blog/make-money-first-then-think-of-nature/<?php echo htmlspecialchars(localized_path(,no,
blog/make-money-first-then-think-of-nature/content-fr.php,<?php echo htmlspecialchars(localized_path(,internal_rel,blog/make-money-first-then-think-of-nature/<?php echo htmlspecialchars(localized_path(,no,
blog/make-money-first-then-think-of-nature/content-fr.php,<?php echo htmlspecialchars(localized_path(,internal_rel,blog/make-money-first-then-think-of-nature/<?php echo htmlspecialchars(localized_path(,no,
blog/make-money-first-then-think-of-nature/content-fr.php,<?php echo htmlspecialchars(localized_path(,internal_rel,blog/make-money-first-then-think-of-nature/<?php echo htmlspecialchars(localized_path(,no,
blog/make-money-first-then-think-of-nature/content-en.php,https://www.linkedin.com/shareArticle?mini=true&url=<?php echo urlencode($canonicalUrl); ?>,external,shareArticle,n/a,
blog/make-money-first-then-think-of-nature/content-en.php,/images/social/linkedin.svg,internal_root,images/social/linkedin.svg,yes,
blog/make-money-first-then-think-of-nature/content-en.php,https://twitter.com/intent/tweet?url=<?php echo urlencode($canonicalUrl); ?>&text=<?php echo urlencode($pageTitle); ?>,external,intent/tweet,n/a,
blog/make-money-first-then-think-of-nature/content-en.php,/images/social/twitter.svg,internal_root,images/social/twitter.svg,yes,
blog/make-money-first-then-think-of-nature/content-en.php,https://www.facebook.com/sharer/sharer.php?u=<?php echo urlencode($canonicalUrl); ?>,external,sharer/sharer.php,n/a,
blog/make-money-first-then-think-of-nature/content-en.php,/images/social/facebook.svg,internal_root,images/social/facebook.svg,yes,
blog/make-money-first-then-think-of-nature/content-en.php,https://wa.me/?text=<?php echo urlencode($pageTitle .,external,,n/a,
blog/make-money-first-then-think-of-nature/content-en.php,/images/social/whatsapp.svg,internal_root,images/social/whatsapp.svg,yes,
blog/make-money-first-then-think-of-nature/content-en.php,<?php echo htmlspecialchars(localized_path(,internal_rel,blog/make-money-first-then-think-of-nature/<?php echo htmlspecialchars(localized_path(,no,
blog/make-money-first-then-think-of-nature/content-en.php,<?php echo htmlspecialchars(localized_path(,internal_rel,blog/make-money-first-then-think-of-nature/<?php echo htmlspecialchars(localized_path(,no,
blog/make-money-first-then-think-of-nature/content-en.php,<?php echo htmlspecialchars(localized_path(,internal_rel,blog/make-money-first-then-think-of-nature/<?php echo htmlspecialchars(localized_path(,no,
blog/make-money-first-then-think-of-nature/content-en.php,<?php echo htmlspecialchars(localized_path(,internal_rel,blog/make-money-first-then-think-of-nature/<?php echo htmlspecialchars(localized_path(,no,
blog/make-money-first-then-think-of-nature/content-en.php,<?php echo htmlspecialchars(localized_path(,internal_rel,blog/make-money-first-then-think-of-nature/<?php echo htmlspecialchars(localized_path(,no,
blog/make-money-first-then-think-of-nature/content-en.php,<?php echo htmlspecialchars(localized_path(,internal_rel,blog/make-money-first-then-think-of-nature/<?php echo htmlspecialchars(localized_path(,no,
blog/make-money-first-then-think-of-nature/content-en.php,<?php echo htmlspecialchars(localized_path(,internal_rel,blog/make-money-first-then-think-of-nature/<?php echo htmlspecialchars(localized_path(,no,
blog/make-money-first-then-think-of-nature/content-en.php,<?php echo htmlspecialchars(localized_path(,internal_rel,blog/make-money-first-then-think-of-nature/<?php echo htmlspecialchars(localized_path(,no,
blog/make-money-first-then-think-of-nature/content-de.php,https://www.linkedin.com/shareArticle?mini=true&url=<?php echo urlencode($canonicalUrl); ?>,external,shareArticle,n/a,
blog/make-money-first-then-think-of-nature/content-de.php,/images/social/linkedin.svg,internal_root,images/social/linkedin.svg,yes,
blog/make-money-first-then-think-of-nature/content-de.php,https://twitter.com/intent/tweet?url=<?php echo urlencode($canonicalUrl); ?>&text=<?php echo urlencode($pageTitle); ?>,external,intent/tweet,n/a,
blog/make-money-first-then-think-of-nature/content-de.php,/images/social/twitter.svg,internal_root,images/social/twitter.svg,yes,
blog/make-money-first-then-think-of-nature/content-de.php,https://www.facebook.com/sharer/sharer.php?u=<?php echo urlencode($canonicalUrl); ?>,external,sharer/sharer.php,n/a,
blog/make-money-first-then-think-of-nature/content-de.php,/images/social/facebook.svg,internal_root,images/social/facebook.svg,yes,
blog/make-money-first-then-think-of-nature/content-de.php,https://wa.me/?text=<?php echo urlencode($pageTitle .,external,,n/a,
blog/make-money-first-then-think-of-nature/content-de.php,/images/social/whatsapp.svg,internal_root,images/social/whatsapp.svg,yes,
blog/make-money-first-then-think-of-nature/content-de.php,<?php echo htmlspecialchars(localized_path(,internal_rel,blog/make-money-first-then-think-of-nature/<?php echo htmlspecialchars(localized_path(,no,
blog/make-money-first-then-think-of-nature/content-de.php,<?php echo htmlspecialchars(localized_path(,internal_rel,blog/make-money-first-then-think-of-nature/<?php echo htmlspecialchars(localized_path(,no,
blog/make-money-first-then-think-of-nature/content-de.php,<?php echo htmlspecialchars(localized_path(,internal_rel,blog/make-money-first-then-think-of-nature/<?php echo htmlspecialchars(localized_path(,no,
blog/make-money-first-then-think-of-nature/content-de.php,<?php echo htmlspecialchars(localized_path(,internal_rel,blog/make-money-first-then-think-of-nature/<?php echo htmlspecialchars(localized_path(,no,
blog/make-money-first-then-think-of-nature/content-de.php,<?php echo htmlspecialchars(localized_path(,internal_rel,blog/make-money-first-then-think-of-nature/<?php echo htmlspecialchars(localized_path(,no,
blog/make-money-first-then-think-of-nature/content-de.php,<?php echo htmlspecialchars(localized_path(,internal_rel,blog/make-money-first-then-think-of-nature/<?php echo htmlspecialchars(localized_path(,no,
blog/making-natural-capital-visible-in-everyday-transactions/index.php,<?php echo htmlspecialchars($canonicalUrl); ?>,internal_rel,blog/making-natural-capital-visible-in-everyday-transactions/<?php echo htmlspecialchars($canonicalUrl); ?>,no,
blog/making-natural-capital-visible-in-everyday-transactions/index.php,"<?php echo htmlspecialchars(localized_url($articlePath,",internal_rel,"blog/making-natural-capital-visible-in-everyday-transactions/<?php echo htmlspecialchars(localized_url($articlePath,",no,
blog/making-natural-capital-visible-in-everyday-transactions/index.php,"<?php echo htmlspecialchars(localized_url($articlePath,",internal_rel,"blog/making-natural-capital-visible-in-everyday-transactions/<?php echo htmlspecialchars(localized_url($articlePath,",no,
blog/making-natural-capital-visible-in-everyday-transactions/index.php,"<?php echo htmlspecialchars(localized_url($articlePath,",internal_rel,"blog/making-natural-capital-visible-in-everyday-transactions/<?php echo htmlspecialchars(localized_url($articlePath,",no,
blog/making-natural-capital-visible-in-everyday-transactions/index.php,"<?php echo htmlspecialchars(localized_url($articlePath,",internal_rel,"blog/making-natural-capital-visible-in-everyday-transactions/<?php echo htmlspecialchars(localized_url($articlePath,",no,
blog/making-natural-capital-visible-in-everyday-transactions/index.php,/images/favicon.ico,internal_root,images/favicon.ico,yes,
blog/making-natural-capital-visible-in-everyday-transactions/index.php,/images/connect-icons/apple-touch-icon.png,internal_root,images/connect-icons/apple-touch-icon.png,yes,
blog/making-natural-capital-visible-in-everyday-transactions/index.php,/css/mydropintheoceans-style.css?v=<?php echo time(); ?>,internal_root,css/mydropintheoceans-style.css?v=<?php echo time(); ?>,no,
blog/making-natural-capital-visible-in-everyday-transactions/index.php,https://ajax.googleapis.com/ajax/libs/jquery/3.7.0/jquery.min.js?v=<?php echo date(,external,ajax/libs/jquery/3.7.0/jquery.min.js,n/a,
blog/making-natural-capital-visible-in-everyday-transactions/content-en.php,<?php echo htmlspecialchars(localized_path(,internal_rel,blog/making-natural-capital-visible-in-everyday-transactions/<?php echo htmlspecialchars(localized_path(,no,
blog/making-natural-capital-visible-in-everyday-transactions/content-en.php,<?php echo htmlspecialchars(localized_path(,internal_rel,blog/making-natural-capital-visible-in-everyday-transactions/<?php echo htmlspecialchars(localized_path(,no,
blog/making-natural-capital-visible-in-everyday-transactions/content-en.php,<?php echo htmlspecialchars(localized_path(,internal_rel,blog/making-natural-capital-visible-in-everyday-transactions/<?php echo htmlspecialchars(localized_path(,no,
blog/making-natural-capital-visible-in-everyday-transactions/content-en.php,<?php echo htmlspecialchars(localized_path(,internal_rel,blog/making-natural-capital-visible-in-everyday-transactions/<?php echo htmlspecialchars(localized_path(,no,
blog/making-natural-capital-visible-in-everyday-transactions/content-en.php,<?php echo htmlspecialchars(localized_path(,internal_rel,blog/making-natural-capital-visible-in-everyday-transactions/<?php echo htmlspecialchars(localized_path(,no,
blog/making-natural-capital-visible-in-everyday-transactions/content-en.php,<?php echo htmlspecialchars(localized_path(,internal_rel,blog/making-natural-capital-visible-in-everyday-transactions/<?php echo htmlspecialchars(localized_path(,no,
blog/making-natural-capital-visible-in-everyday-transactions/content-en.php,<?php echo htmlspecialchars(localized_path(,internal_rel,blog/making-natural-capital-visible-in-everyday-transactions/<?php echo htmlspecialchars(localized_path(,no,
blog/making-natural-capital-visible-in-everyday-transactions/content-en.php,https://www.linkedin.com/shareArticle?mini=true&url=<?php echo urlencode($canonicalUrl); ?>,external,shareArticle,n/a,
blog/making-natural-capital-visible-in-everyday-transactions/content-en.php,/images/social/linkedin.svg,internal_root,images/social/linkedin.svg,yes,
blog/making-natural-capital-visible-in-everyday-transactions/content-en.php,https://twitter.com/intent/tweet?url=<?php echo urlencode($canonicalUrl); ?>&text=<?php echo urlencode($pageTitle); ?>,external,intent/tweet,n/a,
blog/making-natural-capital-visible-in-everyday-transactions/content-en.php,/images/social/twitter.svg,internal_root,images/social/twitter.svg,yes,
blog/making-natural-capital-visible-in-everyday-transactions/content-en.php,https://www.facebook.com/sharer/sharer.php?u=<?php echo urlencode($canonicalUrl); ?>,external,sharer/sharer.php,n/a,
blog/making-natural-capital-visible-in-everyday-transactions/content-en.php,/images/social/facebook.svg,internal_root,images/social/facebook.svg,yes,
blog/making-natural-capital-visible-in-everyday-transactions/content-en.php,https://wa.me/?text=<?php echo urlencode($pageTitle .,external,,n/a,
blog/making-natural-capital-visible-in-everyday-transactions/content-en.php,/images/social/whatsapp.svg,internal_root,images/social/whatsapp.svg,yes,
blog/making-natural-capital-visible-in-everyday-transactions/content-en.php,<?php echo htmlspecialchars(localized_path(,internal_rel,blog/making-natural-capital-visible-in-everyday-transactions/<?php echo htmlspecialchars(localized_path(,no,
blog/making-natural-capital-visible-in-everyday-transactions/content-en.php,<?php echo htmlspecialchars(localized_path(,internal_rel,blog/making-natural-capital-visible-in-everyday-transactions/<?php echo htmlspecialchars(localized_path(,no,
blog/making-natural-capital-visible-in-everyday-transactions/content-en.php,<?php echo htmlspecialchars(localized_path(,internal_rel,blog/making-natural-capital-visible-in-everyday-transactions/<?php echo htmlspecialchars(localized_path(,no,
blog/making-natural-capital-visible-in-everyday-transactions/content-en.php,<?php echo htmlspecialchars(localized_path(,internal_rel,blog/making-natural-capital-visible-in-everyday-transactions/<?php echo htmlspecialchars(localized_path(,no,
blog/making-natural-capital-visible-in-everyday-transactions/content-en.php,<?php echo htmlspecialchars(localized_path(,internal_rel,blog/making-natural-capital-visible-in-everyday-transactions/<?php echo htmlspecialchars(localized_path(,no,
blog/making-natural-capital-visible-in-everyday-transactions/content-en.php,<?php echo htmlspecialchars(localized_path(,internal_rel,blog/making-natural-capital-visible-in-everyday-transactions/<?php echo htmlspecialchars(localized_path(,no,
blog/making-natural-capital-visible-in-everyday-transactions/content-en.php,<?php echo htmlspecialchars(localized_path(,internal_rel,blog/making-natural-capital-visible-in-everyday-transactions/<?php echo htmlspecialchars(localized_path(,no,
blog/making-natural-capital-visible-in-everyday-transactions/content-en.php,https://swisspowershift.ch/integrer-la-question-de-durabilite-au-mandat-de-la-bns-lidee-nest-pas-mauvaise/,external,integrer-la-question-de-durabilite-au-mandat-de-la-bns-lidee-nest-pas-mauvaise/,n/a,
blog/making-natural-capital-visible-in-everyday-transactions/content-en.php,<?php echo htmlspecialchars(localized_path(,internal_rel,blog/making-natural-capital-visible-in-everyday-transactions/<?php echo htmlspecialchars(localized_path(,no,
blog/making-natural-capital-visible-in-everyday-transactions/content-en.php,<?php echo htmlspecialchars(localized_path(,internal_rel,blog/making-natural-capital-visible-in-everyday-transactions/<?php echo htmlspecialchars(localized_path(,no,
blog/making-natural-capital-visible-in-everyday-transactions/content-en.php,<?php echo htmlspecialchars(localized_path(,internal_rel,blog/making-natural-capital-visible-in-everyday-transactions/<?php echo htmlspecialchars(localized_path(,no,
blog/making-natural-capital-visible-in-everyday-transactions/content-fr.php,<?php echo htmlspecialchars(localized_path(,internal_rel,blog/making-natural-capital-visible-in-everyday-transactions/<?php echo htmlspecialchars(localized_path(,no,
blog/making-natural-capital-visible-in-everyday-transactions/content-fr.php,<?php echo htmlspecialchars(localized_path(,internal_rel,blog/making-natural-capital-visible-in-everyday-transactions/<?php echo htmlspecialchars(localized_path(,no,
blog/making-natural-capital-visible-in-everyday-transactions/content-fr.php,<?php echo htmlspecialchars(localized_path(,internal_rel,blog/making-natural-capital-visible-in-everyday-transactions/<?php echo htmlspecialchars(localized_path(,no,
blog/making-natural-capital-visible-in-everyday-transactions/content-fr.php,<?php echo htmlspecialchars(localized_path(,internal_rel,blog/making-natural-capital-visible-in-everyday-transactions/<?php echo htmlspecialchars(localized_path(,no,
blog/making-natural-capital-visible-in-everyday-transactions/content-fr.php,<?php echo htmlspecialchars(localized_path(,internal_rel,blog/making-natural-capital-visible-in-everyday-transactions/<?php echo htmlspecialchars(localized_path(,no,
blog/making-natural-capital-visible-in-everyday-transactions/content-fr.php,<?php echo htmlspecialchars(localized_path(,internal_rel,blog/making-natural-capital-visible-in-everyday-transactions/<?php echo htmlspecialchars(localized_path(,no,
blog/making-natural-capital-visible-in-everyday-transactions/content-fr.php,<?php echo htmlspecialchars(localized_path(,internal_rel,blog/making-natural-capital-visible-in-everyday-transactions/<?php echo htmlspecialchars(localized_path(,no,
blog/making-natural-capital-visible-in-everyday-transactions/content-fr.php,https://www.linkedin.com/shareArticle?mini=true&url=<?php echo urlencode($canonicalUrl); ?>,external,shareArticle,n/a,
blog/making-natural-capital-visible-in-everyday-transactions/content-fr.php,/images/social/linkedin.svg,internal_root,images/social/linkedin.svg,yes,
blog/making-natural-capital-visible-in-everyday-transactions/content-fr.php,https://twitter.com/intent/tweet?url=<?php echo urlencode($canonicalUrl); ?>&text=<?php echo urlencode($pageTitle); ?>,external,intent/tweet,n/a,
blog/making-natural-capital-visible-in-everyday-transactions/content-fr.php,/images/social/twitter.svg,internal_root,images/social/twitter.svg,yes,
blog/making-natural-capital-visible-in-everyday-transactions/content-fr.php,https://www.facebook.com/sharer/sharer.php?u=<?php echo urlencode($canonicalUrl); ?>,external,sharer/sharer.php,n/a,
blog/making-natural-capital-visible-in-everyday-transactions/content-fr.php,/images/social/facebook.svg,internal_root,images/social/facebook.svg,yes,
blog/making-natural-capital-visible-in-everyday-transactions/content-fr.php,https://wa.me/?text=<?php echo urlencode($pageTitle .,external,,n/a,
blog/making-natural-capital-visible-in-everyday-transactions/content-fr.php,/images/social/whatsapp.svg,internal_root,images/social/whatsapp.svg,yes,
blog/making-natural-capital-visible-in-everyday-transactions/content-fr.php,<?php echo htmlspecialchars(localized_path(,internal_rel,blog/making-natural-capital-visible-in-everyday-transactions/<?php echo htmlspecialchars(localized_path(,no,
blog/making-natural-capital-visible-in-everyday-transactions/content-fr.php,<?php echo htmlspecialchars(localized_path(,internal_rel,blog/making-natural-capital-visible-in-everyday-transactions/<?php echo htmlspecialchars(localized_path(,no,
blog/making-natural-capital-visible-in-everyday-transactions/content-fr.php,<?php echo htmlspecialchars(localized_path(,internal_rel,blog/making-natural-capital-visible-in-everyday-transactions/<?php echo htmlspecialchars(localized_path(,no,
blog/making-natural-capital-visible-in-everyday-transactions/content-fr.php,<?php echo htmlspecialchars(localized_path(,internal_rel,blog/making-natural-capital-visible-in-everyday-transactions/<?php echo htmlspecialchars(localized_path(,no,
blog/making-natural-capital-visible-in-everyday-transactions/content-fr.php,<?php echo htmlspecialchars(localized_path(,internal_rel,blog/making-natural-capital-visible-in-everyday-transactions/<?php echo htmlspecialchars(localized_path(,no,
blog/making-natural-capital-visible-in-everyday-transactions/content-fr.php,<?php echo htmlspecialchars(localized_path(,internal_rel,blog/making-natural-capital-visible-in-everyday-transactions/<?php echo htmlspecialchars(localized_path(,no,
blog/making-natural-capital-visible-in-everyday-transactions/content-fr.php,<?php echo htmlspecialchars(localized_path(,internal_rel,blog/making-natural-capital-visible-in-everyday-transactions/<?php echo htmlspecialchars(localized_path(,no,
blog/making-natural-capital-visible-in-everyday-transactions/content-fr.php,https://swisspowershift.ch/integrer-la-question-de-durabilite-au-mandat-de-la-bns-lidee-nest-pas-mauvaise/,external,integrer-la-question-de-durabilite-au-mandat-de-la-bns-lidee-nest-pas-mauvaise/,n/a,
blog/making-natural-capital-visible-in-everyday-transactions/content-fr.php,<?php echo htmlspecialchars(localized_path(,internal_rel,blog/making-natural-capital-visible-in-everyday-transactions/<?php echo htmlspecialchars(localized_path(,no,
blog/making-natural-capital-visible-in-everyday-transactions/content-fr.php,<?php echo htmlspecialchars(localized_path(,internal_rel,blog/making-natural-capital-visible-in-everyday-transactions/<?php echo htmlspecialchars(localized_path(,no,
blog/making-natural-capital-visible-in-everyday-transactions/content-fr.php,<?php echo htmlspecialchars(localized_path(,internal_rel,blog/making-natural-capital-visible-in-everyday-transactions/<?php echo htmlspecialchars(localized_path(,no,
blog/making-natural-capital-visible-in-everyday-transactions/content-de.php,<?php echo htmlspecialchars(localized_path(,internal_rel,blog/making-natural-capital-visible-in-everyday-transactions/<?php echo htmlspecialchars(localized_path(,no,
blog/making-natural-capital-visible-in-everyday-transactions/content-de.php,<?php echo htmlspecialchars(localized_path(,internal_rel,blog/making-natural-capital-visible-in-everyday-transactions/<?php echo htmlspecialchars(localized_path(,no,
blog/making-natural-capital-visible-in-everyday-transactions/content-de.php,<?php echo htmlspecialchars(localized_path(,internal_rel,blog/making-natural-capital-visible-in-everyday-transactions/<?php echo htmlspecialchars(localized_path(,no,
blog/making-natural-capital-visible-in-everyday-transactions/content-de.php,<?php echo htmlspecialchars(localized_path(,internal_rel,blog/making-natural-capital-visible-in-everyday-transactions/<?php echo htmlspecialchars(localized_path(,no,
blog/making-natural-capital-visible-in-everyday-transactions/content-de.php,<?php echo htmlspecialchars(localized_path(,internal_rel,blog/making-natural-capital-visible-in-everyday-transactions/<?php echo htmlspecialchars(localized_path(,no,
blog/making-natural-capital-visible-in-everyday-transactions/content-de.php,<?php echo htmlspecialchars(localized_path(,internal_rel,blog/making-natural-capital-visible-in-everyday-transactions/<?php echo htmlspecialchars(localized_path(,no,
blog/making-natural-capital-visible-in-everyday-transactions/content-de.php,<?php echo htmlspecialchars(localized_path(,internal_rel,blog/making-natural-capital-visible-in-everyday-transactions/<?php echo htmlspecialchars(localized_path(,no,
blog/making-natural-capital-visible-in-everyday-transactions/content-de.php,https://www.linkedin.com/shareArticle?mini=true&url=<?php echo urlencode($canonicalUrl); ?>,external,shareArticle,n/a,
blog/making-natural-capital-visible-in-everyday-transactions/content-de.php,/images/social/linkedin.svg,internal_root,images/social/linkedin.svg,yes,
blog/making-natural-capital-visible-in-everyday-transactions/content-de.php,https://twitter.com/intent/tweet?url=<?php echo urlencode($canonicalUrl); ?>&text=<?php echo urlencode($pageTitle); ?>,external,intent/tweet,n/a,
blog/making-natural-capital-visible-in-everyday-transactions/content-de.php,/images/social/twitter.svg,internal_root,images/social/twitter.svg,yes,
blog/making-natural-capital-visible-in-everyday-transactions/content-de.php,https://www.facebook.com/sharer/sharer.php?u=<?php echo urlencode($canonicalUrl); ?>,external,sharer/sharer.php,n/a,
blog/making-natural-capital-visible-in-everyday-transactions/content-de.php,/images/social/facebook.svg,internal_root,images/social/facebook.svg,yes,
blog/making-natural-capital-visible-in-everyday-transactions/content-de.php,https://wa.me/?text=<?php echo urlencode($pageTitle .,external,,n/a,
blog/making-natural-capital-visible-in-everyday-transactions/content-de.php,/images/social/whatsapp.svg,internal_root,images/social/whatsapp.svg,yes,
blog/making-natural-capital-visible-in-everyday-transactions/content-de.php,<?php echo htmlspecialchars(localized_path(,internal_rel,blog/making-natural-capital-visible-in-everyday-transactions/<?php echo htmlspecialchars(localized_path(,no,
blog/making-natural-capital-visible-in-everyday-transactions/content-de.php,<?php echo htmlspecialchars(localized_path(,internal_rel,blog/making-natural-capital-visible-in-everyday-transactions/<?php echo htmlspecialchars(localized_path(,no,
blog/making-natural-capital-visible-in-everyday-transactions/content-de.php,<?php echo htmlspecialchars(localized_path(,internal_rel,blog/making-natural-capital-visible-in-everyday-transactions/<?php echo htmlspecialchars(localized_path(,no,
blog/making-natural-capital-visible-in-everyday-transactions/content-de.php,<?php echo htmlspecialchars(localized_path(,internal_rel,blog/making-natural-capital-visible-in-everyday-transactions/<?php echo htmlspecialchars(localized_path(,no,
blog/making-natural-capital-visible-in-everyday-transactions/content-de.php,<?php echo htmlspecialchars(localized_path(,internal_rel,blog/making-natural-capital-visible-in-everyday-transactions/<?php echo htmlspecialchars(localized_path(,no,
blog/making-natural-capital-visible-in-everyday-transactions/content-de.php,<?php echo htmlspecialchars(localized_path(,internal_rel,blog/making-natural-capital-visible-in-everyday-transactions/<?php echo htmlspecialchars(localized_path(,no,
blog/making-natural-capital-visible-in-everyday-transactions/content-de.php,<?php echo htmlspecialchars(localized_path(,internal_rel,blog/making-natural-capital-visible-in-everyday-transactions/<?php echo htmlspecialchars(localized_path(,no,
blog/making-natural-capital-visible-in-everyday-transactions/content-de.php,https://swisspowershift.ch/integrer-la-question-de-durabilite-au-mandat-de-la-bns-lidee-nest-pas-mauvaise/,external,integrer-la-question-de-durabilite-au-mandat-de-la-bns-lidee-nest-pas-mauvaise/,n/a,
blog/making-natural-capital-visible-in-everyday-transactions/content-de.php,<?php echo htmlspecialchars(localized_path(,internal_rel,blog/making-natural-capital-visible-in-everyday-transactions/<?php echo htmlspecialchars(localized_path(,no,
blog/making-natural-capital-visible-in-everyday-transactions/content-de.php,<?php echo htmlspecialchars(localized_path(,internal_rel,blog/making-natural-capital-visible-in-everyday-transactions/<?php echo htmlspecialchars(localized_path(,no,
blog/making-natural-capital-visible-in-everyday-transactions/content-de.php,<?php echo htmlspecialchars(localized_path(,internal_rel,blog/making-natural-capital-visible-in-everyday-transactions/<?php echo htmlspecialchars(localized_path(,no,
faq/content-de.php,<?php echo htmlspecialchars(localized_path(,internal_rel,faq/<?php echo htmlspecialchars(localized_path(,no,
faq/content-de.php,<?php echo htmlspecialchars(localized_path(,internal_rel,faq/<?php echo htmlspecialchars(localized_path(,no,
faq/content-de.php,<?php echo htmlspecialchars(localized_path(,internal_rel,faq/<?php echo htmlspecialchars(localized_path(,no,
faq/content-de.php,<?php echo htmlspecialchars(localized_path(,internal_rel,faq/<?php echo htmlspecialchars(localized_path(,no,
faq/content-de.php,https://www.linkedin.com/shareArticle?mini=true&url=<?php echo urlencode($canonicalUrl); ?>,external,shareArticle,n/a,
faq/content-de.php,/images/social/linkedin.svg,internal_root,images/social/linkedin.svg,yes,
faq/content-de.php,https://twitter.com/intent/tweet?url=<?php echo urlencode($canonicalUrl); ?>&text=<?php echo urlencode($metaTitle ?? $pageTitle); ?>,external,intent/tweet,n/a,
faq/content-de.php,/images/social/twitter.svg,internal_root,images/social/twitter.svg,yes,
faq/content-de.php,https://www.facebook.com/sharer/sharer.php?u=<?php echo urlencode($canonicalUrl); ?>,external,sharer/sharer.php,n/a,
faq/content-de.php,/images/social/facebook.svg,internal_root,images/social/facebook.svg,yes,
faq/content-de.php,https://wa.me/?text=<?php echo urlencode(($metaTitle ?? $pageTitle) .,external,,n/a,
faq/content-de.php,/images/social/whatsapp.svg,internal_root,images/social/whatsapp.svg,yes,
faq/content-en.php,<?php echo htmlspecialchars(localized_path(,internal_rel,faq/<?php echo htmlspecialchars(localized_path(,no,
faq/content-en.php,https://mydio.com,external,,n/a,
faq/content-en.php,<?php echo htmlspecialchars(localized_path(,internal_rel,faq/<?php echo htmlspecialchars(localized_path(,no,
faq/content-en.php,<?php echo htmlspecialchars(localized_path(,internal_rel,faq/<?php echo htmlspecialchars(localized_path(,no,
faq/content-en.php,<?php echo htmlspecialchars(localized_path(,internal_rel,faq/<?php echo htmlspecialchars(localized_path(,no,
faq/content-en.php,<?php echo htmlspecialchars(localized_path(,internal_rel,faq/<?php echo htmlspecialchars(localized_path(,no,
faq/content-en.php,<?php echo htmlspecialchars(localized_path(,internal_rel,faq/<?php echo htmlspecialchars(localized_path(,no,
faq/content-en.php,https://www.linkedin.com/shareArticle?mini=true&url=<?php echo urlencode($canonicalUrl); ?>,external,shareArticle,n/a,
faq/content-en.php,/images/social/linkedin.svg,internal_root,images/social/linkedin.svg,yes,
faq/content-en.php,https://twitter.com/intent/tweet?url=<?php echo urlencode($canonicalUrl); ?>&text=<?php echo urlencode($metaTitle ?? $pageTitle); ?>,external,intent/tweet,n/a,
faq/content-en.php,/images/social/twitter.svg,internal_root,images/social/twitter.svg,yes,
faq/content-en.php,https://www.facebook.com/sharer/sharer.php?u=<?php echo urlencode($canonicalUrl); ?>,external,sharer/sharer.php,n/a,
faq/content-en.php,/images/social/facebook.svg,internal_root,images/social/facebook.svg,yes,
faq/content-en.php,https://wa.me/?text=<?php echo urlencode(($metaTitle ?? $pageTitle) .,external,,n/a,
faq/content-en.php,/images/social/whatsapp.svg,internal_root,images/social/whatsapp.svg,yes,
faq/content-fr.php,<?php echo htmlspecialchars(localized_path(,internal_rel,faq/<?php echo htmlspecialchars(localized_path(,no,
faq/content-fr.php,<?php echo htmlspecialchars(localized_path(,internal_rel,faq/<?php echo htmlspecialchars(localized_path(,no,
faq/content-fr.php,<?php echo htmlspecialchars(localized_path(,internal_rel,faq/<?php echo htmlspecialchars(localized_path(,no,
faq/content-fr.php,<?php echo htmlspecialchars(localized_path(,internal_rel,faq/<?php echo htmlspecialchars(localized_path(,no,
faq/content-fr.php,https://www.linkedin.com/shareArticle?mini=true&url=<?php echo urlencode($canonicalUrl); ?>,external,shareArticle,n/a,
faq/content-fr.php,/images/social/linkedin.svg,internal_root,images/social/linkedin.svg,yes,
faq/content-fr.php,https://twitter.com/intent/tweet?url=<?php echo urlencode($canonicalUrl); ?>&text=<?php echo urlencode($metaTitle ?? $pageTitle); ?>,external,intent/tweet,n/a,
faq/content-fr.php,/images/social/twitter.svg,internal_root,images/social/twitter.svg,yes,
faq/content-fr.php,https://www.facebook.com/sharer/sharer.php?u=<?php echo urlencode($canonicalUrl); ?>,external,sharer/sharer.php,n/a,
faq/content-fr.php,/images/social/facebook.svg,internal_root,images/social/facebook.svg,yes,
faq/content-fr.php,https://wa.me/?text=<?php echo urlencode(($metaTitle ?? $pageTitle) .,external,,n/a,
faq/content-fr.php,/images/social/whatsapp.svg,internal_root,images/social/whatsapp.svg,yes,
faq/index.php,<?php echo htmlspecialchars($canonicalUrl); ?>,internal_rel,faq/<?php echo htmlspecialchars($canonicalUrl); ?>,no,
faq/index.php,"<?php echo htmlspecialchars(localized_url($pagePath,",internal_rel,"faq/<?php echo htmlspecialchars(localized_url($pagePath,",no,
faq/index.php,"<?php echo htmlspecialchars(localized_url($pagePath,",internal_rel,"faq/<?php echo htmlspecialchars(localized_url($pagePath,",no,
faq/index.php,"<?php echo htmlspecialchars(localized_url($pagePath,",internal_rel,"faq/<?php echo htmlspecialchars(localized_url($pagePath,",no,
faq/index.php,"<?php echo htmlspecialchars(localized_url($pagePath,",internal_rel,"faq/<?php echo htmlspecialchars(localized_url($pagePath,",no,
faq/index.php,/images/favicon.ico,internal_root,images/favicon.ico,yes,
faq/index.php,/images/connect-icons/apple-touch-icon.png,internal_root,images/connect-icons/apple-touch-icon.png,yes,
faq/index.php,/css/mydropintheoceans-style.css?v=<?php echo time(); ?>,internal_root,css/mydropintheoceans-style.css?v=<?php echo time(); ?>,no,
faq/index.php,https://ajax.googleapis.com/ajax/libs/jquery/3.7.0/jquery.min.js?v=<?php echo date(,external,ajax/libs/jquery/3.7.0/jquery.min.js,n/a,
admin/login.php,/,internal_root,,yes,
admin/change-password.php,view-logs.php,internal_rel,admin/view-logs.php,yes,
admin/view-logs.php,/images/favicon.ico,internal_root,images/favicon.ico,yes,
admin/view-logs.php,/js/chart.js,internal_root,js/chart.js,yes,
index-theory-of-change.php,https://mydropintheoceans.org/theory-of-change/,external,theory-of-change/,n/a,
index-theory-of-change.php,../images/favicon.ico,internal_rel,images/favicon.ico,yes,
index-theory-of-change.php,../css/mydropintheoceans-style.css?v=20260203,internal_rel,css/mydropintheoceans-style.css?v=20260203,no,
index-theory-of-change.php,/images/connect-icons/apple-touch-icon.png,internal_root,images/connect-icons/apple-touch-icon.png,yes,
index-theory-of-change.php,https://ajax.googleapis.com/ajax/libs/jquery/3.7.0/jquery.min.js?v=20260203,external,ajax/libs/jquery/3.7.0/jquery.min.js,n/a,
index-theory-of-change.php,/,internal_root,,yes,
index-theory-of-change.php,/blog/nature-is-not-a-charity.php,internal_root,blog/nature-is-not-a-charity.php,no,
index-theory-of-change.php,/blog/why-the-swiss-said-no-to-free-money.php,internal_root,blog/why-the-swiss-said-no-to-free-money.php,no,
index-theory-of-change.php,https://mydio.com,external,,n/a,
index-theory-of-change.php,/,internal_root,,yes,
index-theory-of-change.php,https://mydio.com,external,,n/a,
index-theory-of-change.php,/,internal_root,,yes,
index-theory-of-change.php,/contact,internal_root,contact,yes,
js/all-255.js,/a,internal_root,a,no,
js/all-255.js,#,internal_rel,js/#,no,
js/all-255.js,#,internal_rel,js/#,no,
js/all-255.js,https://connect.facebook.net/en_US/all.js,external,en_US/all.js,n/a,
js/all-255.js,http://help.bloglovin.com,external,,n/a,
js/all-255.js,http://help.bloglovin.com,external,,n/a,
js/style-1.7.10.js,#,internal_rel,js/#,no,
js/style-1.7.10.js,/a,internal_root,a,no,
js/style-1.7.10.js,/blog/,internal_root,blog/,yes,
js/style-1.7.10.js,/blog/,internal_root,blog/,yes,
js/style-1.7.10.js,/search/,internal_root,search/,no,
js/style-1.7.10.js,https://connect.facebook.net/en_US/all.js,external,en_US/all.js,n/a,
js/style-1.7.10.js,javascript:0,internal_rel,js/javascript:0,no,
js/style-1.7.10.js,javascript:0,internal_rel,js/javascript:0,no,
js/style-1.7.10.js,/blog/,internal_root,blog/,yes,
js/style-1.7.10.js,#,internal_rel,js/#,no,
js/style-1.7.10.js,#,internal_rel,js/#,no,
js/style-1.7.10.js,#,internal_rel,js/#,no,
js/style-1.7.10.js,/feed,internal_root,feed,no,
js/style-1.7.10.js,#,internal_rel,js/#,no,
js/style-1.7.10.js,#,internal_rel,js/#,no,
js/style-1.7.10.js,#,internal_rel,js/#,no,
js/style-1.7.10.js,/blogs,internal_root,blogs,no,
js/style-1.7.10.js,/friends,internal_root,friends,no,
js/style-1.7.10.js,#,internal_rel,js/#,no,
js/style-1.7.10.js,#,internal_rel,js/#,no,
js/style-1.7.10.js,/,internal_root,,yes,
js/style-1.7.10.js,/blogs,internal_root,blogs,no,
js/style-1.7.10.js,/tos,internal_root,tos,no,
js/style-1.7.10.js,#,internal_rel,js/#,no,
js/style-1.7.10.js,#,internal_rel,js/#,no,
js/style-1.7.10.js,#,internal_rel,js/#,no,
js/style-1.7.10.js,#,internal_rel,js/#,no,
js/style-1.7.10.js,#,internal_rel,js/#,no,
js/style-1.7.10.js,#,internal_rel,js/#,no,
js/style-1.7.10.js,#,internal_rel,js/#,no,
js/style-1.7.10.js,#,internal_rel,js/#,no,
js/style-1.7.10.js,#,internal_rel,js/#,no,
js/style-1.7.10.js,#,internal_rel,js/#,no,
js/style-1.7.10.js,#,internal_rel,js/#,no,
js/style-1.7.10.js,#,internal_rel,js/#,no,
js/style-1.7.10.js,/blogs,internal_root,blogs,no,
js/style-1.7.10.js,/feed/friends,internal_root,feed/friends,no,
js/style-1.7.10.js,http://help.mydropintheoceans.com,external,,n/a,
js/style-1.7.10.js,#,internal_rel,js/#,no,
js/style-1.7.10.js,#,internal_rel,js/#,no,
js/style-1.7.10.js,#,internal_rel,js/#,no,
js/style-1.7.10.js,#,internal_rel,js/#,no,
js/validate/demo/tinymce4/index.html,../../lib/jquery.js,internal_rel,js/validate/lib/jquery.js,no,
js/validate/demo/tinymce4/index.html,../../dist/jquery.validate.js,internal_rel,js/validate/dist/jquery.validate.js,no,
js/validate/demo/tinymce4/index.html,https://tinymce.cachefly.net/4.1/tinymce.min.js,external,4.1/tinymce.min.js,n/a,
theory-of-change/index.php,<?php echo htmlspecialchars($canonicalUrl); ?>,internal_rel,theory-of-change/<?php echo htmlspecialchars($canonicalUrl); ?>,no,
theory-of-change/index.php,<?php echo htmlspecialchars($alternateEnUrl); ?>,internal_rel,theory-of-change/<?php echo htmlspecialchars($alternateEnUrl); ?>,no,
theory-of-change/index.php,<?php echo htmlspecialchars($alternateFrUrl); ?>,internal_rel,theory-of-change/<?php echo htmlspecialchars($alternateFrUrl); ?>,no,
theory-of-change/index.php,<?php echo htmlspecialchars($alternateDeUrl); ?>,internal_rel,theory-of-change/<?php echo htmlspecialchars($alternateDeUrl); ?>,no,
theory-of-change/index.php,<?php echo htmlspecialchars($xDefaultUrl); ?>,internal_rel,theory-of-change/<?php echo htmlspecialchars($xDefaultUrl); ?>,no,
theory-of-change/index.php,https://mydropintheoceans.org/favicon.ico,external,favicon.ico,n/a,
theory-of-change/index.php,https://mydropintheoceans.org/images/favicon.ico,external,images/favicon.ico,n/a,
theory-of-change/index.php,/images/connect-icons/apple-touch-icon.png,internal_root,images/connect-icons/apple-touch-icon.png,yes,
theory-of-change/index.php,../css/mydropintheoceans-style.css?v=<?php echo time(); ?>,internal_rel,css/mydropintheoceans-style.css?v=<?php echo time(); ?>,no,
theory-of-change/index.php,https://ajax.googleapis.com/ajax/libs/jquery/3.7.0/jquery.min.js?v=<?php echo time(); ?>,external,ajax/libs/jquery/3.7.0/jquery.min.js,n/a,
theory-of-change/content-de.php,https://mydio.com/,external,,n/a,
theory-of-change/content-de.php,https://mydio.com/,external,,n/a,
theory-of-change/content-de.php,https://mydio.com/,external,,n/a,
theory-of-change/content-de.php,<?php echo htmlspecialchars(localized_path(,internal_rel,theory-of-change/<?php echo htmlspecialchars(localized_path(,no,
theory-of-change/content-de.php,<?php echo htmlspecialchars(localized_path(,internal_rel,theory-of-change/<?php echo htmlspecialchars(localized_path(,no,
theory-of-change/content-de.php,<?php echo htmlspecialchars(localized_path(,internal_rel,theory-of-change/<?php echo htmlspecialchars(localized_path(,no,
theory-of-change/content-de.php,<?php echo htmlspecialchars(localized_path(,internal_rel,theory-of-change/<?php echo htmlspecialchars(localized_path(,no,
theory-of-change/content-de.php,https://mydio.com/,external,,n/a,
theory-of-change/content-de.php,<?php echo htmlspecialchars(localized_path(,internal_rel,theory-of-change/<?php echo htmlspecialchars(localized_path(,no,
theory-of-change/content-de.php,<?php echo htmlspecialchars(localized_path(,internal_rel,theory-of-change/<?php echo htmlspecialchars(localized_path(,no,
theory-of-change/content-de.php,https://mydio.com/,external,,n/a,
theory-of-change/content-de.php,https://www.linkedin.com/shareArticle?mini=true&url=https://mydropintheoceans.org/de/theory-of-change/,external,shareArticle,n/a,
theory-of-change/content-de.php,/images/social/linkedin.svg,internal_root,images/social/linkedin.svg,yes,
theory-of-change/content-de.php,https://twitter.com/intent/tweet?url=https://mydropintheoceans.org/de/theory-of-change/&text=Theorie%20des%20Wandels%3A%20Wirtschaft%20und%20Natur%20im%20Einklang,external,intent/tweet,n/a,
theory-of-change/content-de.php,/images/social/twitter.svg,internal_root,images/social/twitter.svg,yes,
theory-of-change/content-de.php,https://www.facebook.com/sharer/sharer.php?u=https://mydropintheoceans.org/de/theory-of-change/,external,sharer/sharer.php,n/a,
theory-of-change/content-de.php,/images/social/facebook.svg,internal_root,images/social/facebook.svg,yes,
theory-of-change/content-de.php,https://wa.me/?text=Theorie%20des%20Wandels%3A%20Wirtschaft%20und%20Natur%20im%20Einklang%20https://mydropintheoceans.org/de/theory-of-change/,external,,n/a,
theory-of-change/content-de.php,/images/social/whatsapp.svg,internal_root,images/social/whatsapp.svg,yes,
theory-of-change/content-de.php,<?php echo htmlspecialchars(localized_path(,internal_rel,theory-of-change/<?php echo htmlspecialchars(localized_path(,no,
theory-of-change/content-de.php,<?php echo htmlspecialchars(localized_path(,internal_rel,theory-of-change/<?php echo htmlspecialchars(localized_path(,no,
theory-of-change/content-de.php,<?php echo htmlspecialchars(localized_path(,internal_rel,theory-of-change/<?php echo htmlspecialchars(localized_path(,no,
theory-of-change/content-de.php,<?php echo htmlspecialchars(localized_path(,internal_rel,theory-of-change/<?php echo htmlspecialchars(localized_path(,no,
theory-of-change/content-de.php,<?php echo htmlspecialchars(localized_path(,internal_rel,theory-of-change/<?php echo htmlspecialchars(localized_path(,no,
theory-of-change/content-de.php,<?php echo htmlspecialchars(localized_path(,internal_rel,theory-of-change/<?php echo htmlspecialchars(localized_path(,no,
theory-of-change/content-de.php,<?php echo htmlspecialchars(localized_path(,internal_rel,theory-of-change/<?php echo htmlspecialchars(localized_path(,no,
theory-of-change/content-de.php,<?php echo htmlspecialchars(localized_path(,internal_rel,theory-of-change/<?php echo htmlspecialchars(localized_path(,no,
theory-of-change/content-de.php,<?php echo htmlspecialchars(localized_path(,internal_rel,theory-of-change/<?php echo htmlspecialchars(localized_path(,no,
theory-of-change/content-de.php,https://mydio.com/,external,,n/a,
theory-of-change/content-en.php,https://mydio.com/,external,,n/a,
theory-of-change/content-en.php,https://mydio.com/,external,,n/a,
theory-of-change/content-en.php,https://mydio.com/,external,,n/a,
theory-of-change/content-en.php,/blog/make-money-first-then-think-of-nature/,internal_root,blog/make-money-first-then-think-of-nature/,yes,
theory-of-change/content-en.php,/blog/nature-is-not-a-charity/,internal_root,blog/nature-is-not-a-charity/,yes,
theory-of-change/content-en.php,/blog/what-if-stewardship-was-financially-recognised/,internal_root,blog/what-if-stewardship-was-financially-recognised/,yes,
theory-of-change/content-en.php,/blog/why-the-swiss-said-no-to-free-money/,internal_root,blog/why-the-swiss-said-no-to-free-money/,yes,
theory-of-change/content-en.php,https://mydio.com/,external,,n/a,
theory-of-change/content-en.php,/blog/make-money-first-then-think-of-nature/,internal_root,blog/make-money-first-then-think-of-nature/,yes,
theory-of-change/content-en.php,https://mydio.com/,external,,n/a,
theory-of-change/content-en.php,https://www.linkedin.com/shareArticle?mini=true&url=https://mydropintheoceans.org/theory-of-change/,external,shareArticle,n/a,
theory-of-change/content-en.php,/images/social/linkedin.svg,internal_root,images/social/linkedin.svg,yes,
theory-of-change/content-en.php,https://twitter.com/intent/tweet?url=https://mydropintheoceans.org/theory-of-change/&text=Theory%20of%20Change%3A%20Aligning%20Economy%20and%20Nature,external,intent/tweet,n/a,
theory-of-change/content-en.php,/images/social/twitter.svg,internal_root,images/social/twitter.svg,yes,
theory-of-change/content-en.php,https://www.facebook.com/sharer/sharer.php?u=https://mydropintheoceans.org/theory-of-change/,external,sharer/sharer.php,n/a,
theory-of-change/content-en.php,/images/social/facebook.svg,internal_root,images/social/facebook.svg,yes,
theory-of-change/content-en.php,https://wa.me/?text=Theory%20of%20Change%3A%20Aligning%20Economy%20and%20Nature%20https://mydropintheoceans.org/theory-of-change/,external,,n/a,
theory-of-change/content-en.php,/images/social/whatsapp.svg,internal_root,images/social/whatsapp.svg,yes,
theory-of-change/content-en.php,/,internal_root,,yes,
theory-of-change/content-en.php,/blog/,internal_root,blog/,yes,
theory-of-change/content-en.php,/blog/make-money-first-then-think-of-nature/,internal_root,blog/make-money-first-then-think-of-nature/,yes,
theory-of-change/content-en.php,/blog/nature-is-not-a-charity/,internal_root,blog/nature-is-not-a-charity/,yes,
theory-of-change/content-en.php,/blog/money-work-worth/,internal_root,blog/money-work-worth/,yes,
theory-of-change/content-en.php,/blog/what-if-stewardship-was-financially-recognised/,internal_root,blog/what-if-stewardship-was-financially-recognised/,yes,
theory-of-change/content-en.php,/blog/why-the-swiss-said-no-to-free-money/,internal_root,blog/why-the-swiss-said-no-to-free-money/,yes,
theory-of-change/content-en.php,/blog/making-natural-capital-visible-in-everyday-transactions/,internal_root,blog/making-natural-capital-visible-in-everyday-transactions/,yes,
theory-of-change/content-en.php,/contact/,internal_root,contact/,yes,
theory-of-change/content-en.php,https://mydio.com/,external,,n/a,
theory-of-change/content-fr.php,https://mydio.com/,external,,n/a,
theory-of-change/content-fr.php,https://mydio.com/,external,,n/a,
theory-of-change/content-fr.php,https://mydio.com/,external,,n/a,
theory-of-change/content-fr.php,<?php echo htmlspecialchars(localized_path(,internal_rel,theory-of-change/<?php echo htmlspecialchars(localized_path(,no,
theory-of-change/content-fr.php,<?php echo htmlspecialchars(localized_path(,internal_rel,theory-of-change/<?php echo htmlspecialchars(localized_path(,no,
theory-of-change/content-fr.php,<?php echo htmlspecialchars(localized_path(,internal_rel,theory-of-change/<?php echo htmlspecialchars(localized_path(,no,
theory-of-change/content-fr.php,<?php echo htmlspecialchars(localized_path(,internal_rel,theory-of-change/<?php echo htmlspecialchars(localized_path(,no,
theory-of-change/content-fr.php,<?php echo htmlspecialchars(localized_path(,internal_rel,theory-of-change/<?php echo htmlspecialchars(localized_path(,no,
theory-of-change/content-fr.php,https://mydio.com/,external,,n/a,
theory-of-change/content-fr.php,<?php echo htmlspecialchars(localized_path(,internal_rel,theory-of-change/<?php echo htmlspecialchars(localized_path(,no,
theory-of-change/content-fr.php,https://mydio.com/,external,,n/a,
theory-of-change/content-fr.php,https://www.linkedin.com/shareArticle?mini=true&url=<?php echo urlencode($canonicalUrl); ?>,external,shareArticle,n/a,
theory-of-change/content-fr.php,/images/social/linkedin.svg,internal_root,images/social/linkedin.svg,yes,
theory-of-change/content-fr.php,https://twitter.com/intent/tweet?url=<?php echo urlencode($canonicalUrl); ?>&text=<?php echo urlencode($ogTitle); ?>,external,intent/tweet,n/a,
theory-of-change/content-fr.php,/images/social/twitter.svg,internal_root,images/social/twitter.svg,yes,
theory-of-change/content-fr.php,https://www.facebook.com/sharer/sharer.php?u=<?php echo urlencode($canonicalUrl); ?>,external,sharer/sharer.php,n/a,
theory-of-change/content-fr.php,/images/social/facebook.svg,internal_root,images/social/facebook.svg,yes,
theory-of-change/content-fr.php,https://wa.me/?text=<?php echo urlencode($ogTitle .,external,,n/a,
theory-of-change/content-fr.php,/images/social/whatsapp.svg,internal_root,images/social/whatsapp.svg,yes,
theory-of-change/content-fr.php,<?php echo htmlspecialchars(localized_path(,internal_rel,theory-of-change/<?php echo htmlspecialchars(localized_path(,no,
theory-of-change/content-fr.php,<?php echo htmlspecialchars(localized_path(,internal_rel,theory-of-change/<?php echo htmlspecialchars(localized_path(,no,
theory-of-change/content-fr.php,<?php echo htmlspecialchars(localized_path(,internal_rel,theory-of-change/<?php echo htmlspecialchars(localized_path(,no,
theory-of-change/content-fr.php,<?php echo htmlspecialchars(localized_path(,internal_rel,theory-of-change/<?php echo htmlspecialchars(localized_path(,no,
theory-of-change/content-fr.php,<?php echo htmlspecialchars(localized_path(,internal_rel,theory-of-change/<?php echo htmlspecialchars(localized_path(,no,
theory-of-change/content-fr.php,<?php echo htmlspecialchars(localized_path(,internal_rel,theory-of-change/<?php echo htmlspecialchars(localized_path(,no,
theory-of-change/content-fr.php,<?php echo htmlspecialchars(localized_path(,internal_rel,theory-of-change/<?php echo htmlspecialchars(localized_path(,no,
theory-of-change/content-fr.php,<?php echo htmlspecialchars(localized_path(,internal_rel,theory-of-change/<?php echo htmlspecialchars(localized_path(,no,
theory-of-change/content-fr.php,<?php echo htmlspecialchars(localized_path(,internal_rel,theory-of-change/<?php echo htmlspecialchars(localized_path(,no,
theory-of-change/content-fr.php,https://mydio.com/,external,,n/a,
privacy/index.php,"<?php echo htmlspecialchars($canonicalUrl, ENT_QUOTES,",internal_rel,"privacy/<?php echo htmlspecialchars($canonicalUrl, ENT_QUOTES,",no,
privacy/index.php,/images/favicon.ico,internal_root,images/favicon.ico,yes,
privacy/index.php,/css/mydropintheoceans-style.css?v=<?php echo time(); ?>,internal_root,css/mydropintheoceans-style.css?v=<?php echo time(); ?>,no,
privacy/index.php,https://ajax.googleapis.com/ajax/libs/jquery/3.7.0/jquery.min.js?v=20260203,external,ajax/libs/jquery/3.7.0/jquery.min.js,n/a,
privacy/index.php,<?php echo htmlspecialchars(localized_path(,internal_rel,privacy/<?php echo htmlspecialchars(localized_path(,no,
